date,net_liquidity_usd_mn,fed_total_assets_usd_mn,fed_total_assets_date,tga_usd_mn,tga_date,rrp_usd_mn,rrp_date
2022-04-18,8122495.621,8965487.000,2022-04-13,841253.000,2022-04-18,1738.379,2022-04-18
2022-04-19,8070318.708,8965487.000,2022-04-13,893351.000,2022-04-19,1817.292,2022-04-19
2022-04-20,8046458.440,8955851.000,2022-04-20,907526.000,2022-04-20,1866.560,2022-04-20
2022-04-21,8035119.300,8955851.000,2022-04-20,918877.000,2022-04-21,1854.700,2022-04-21
2022-04-22,8019847.969,8955851.000,2022-04-20,934238.000,2022-04-22,1765.031,2022-04-22
2022-04-25,7995776.391,8955851.000,2022-04-20,958291.000,2022-04-25,1783.609,2022-04-25
2022-04-26,7981038.657,8955851.000,2022-04-20,972993.000,2022-04-26,1819.343,2022-04-26
2022-04-27,7979976.838,8939199.000,2022-04-27,957419.000,2022-04-27,1803.162,2022-04-27
2022-04-28,7983447.584,8939199.000,2022-04-27,953933.000,2022-04-28,1818.416,2022-04-28
2022-04-29,8014052.198,8939199.000,2022-04-27,923240.000,2022-04-29,1906.802,2022-04-29
2022-05-02,7962384.698,8939199.000,2022-04-27,975018.000,2022-05-02,1796.302,2022-05-02
2022-05-03,7982140.748,8939199.000,2022-04-27,955262.000,2022-05-03,1796.252,2022-05-03
2022-05-04,7973744.344,8939972.000,2022-05-04,964412.000,2022-05-04,1815.656,2022-05-04
2022-05-05,7994646.238,8939972.000,2022-05-04,943481.000,2022-05-05,1844.762,2022-05-05
2022-05-06,7987410.134,8939972.000,2022-05-04,950700.000,2022-05-06,1861.866,2022-05-06
2022-05-09,7975185.005,8939972.000,2022-05-04,962928.000,2022-05-09,1858.995,2022-05-09
2022-05-10,7996341.775,8939972.000,2022-05-04,941766.000,2022-05-10,1864.225,2022-05-10
2022-05-11,8020800.881,8942008.000,2022-05-11,919331.000,2022-05-11,1876.119,2022-05-11
2022-05-12,8046304.931,8942008.000,2022-05-11,893803.000,2022-05-12,1900.069,2022-05-12
2022-05-13,8059350.713,8942008.000,2022-05-11,880792.000,2022-05-13,1865.287,2022-05-13
2022-05-16,8025603.848,8942008.000,2022-05-11,914571.000,2022-05-16,1833.152,2022-05-16
2022-05-17,8048859.517,8942008.000,2022-05-11,891271.000,2022-05-17,1877.483,2022-05-17
2022-05-18,8077198.627,8945898.000,2022-05-18,866726.000,2022-05-18,1973.373,2022-05-18
2022-05-19,8118734.995,8945898.000,2022-05-18,825182.000,2022-05-19,1981.005,2022-05-19
2022-05-20,8121571.013,8945898.000,2022-05-18,822339.000,2022-05-20,1987.987,2022-05-20
2022-05-23,8105712.342,8945898.000,2022-05-18,838141.000,2022-05-23,2044.658,2022-05-23
2022-05-24,8125222.135,8945898.000,2022-05-18,818688.000,2022-05-24,1987.865,2022-05-24
2022-05-25,8110571.250,8914281.000,2022-05-25,801714.000,2022-05-25,1995.750,2022-05-25
2022-05-26,8149599.298,8914281.000,2022-05-25,762674.000,2022-05-26,2007.702,2022-05-26
2022-05-27,8129965.312,8914281.000,2022-05-25,782309.000,2022-05-27,2006.688,2022-05-27
2022-05-31,8058062.462,8914281.000,2022-05-25,854240.000,2022-05-31,1978.538,2022-05-31
2022-06-01,8132509.985,8915050.000,2022-06-01,780575.000,2022-06-01,1965.015,2022-06-01
2022-06-02,8155505.761,8915050.000,2022-06-01,757559.000,2022-06-02,1985.239,2022-06-02
2022-06-03,8181237.772,8915050.000,2022-06-01,731781.000,2022-06-03,2031.228,2022-06-03
2022-06-06,8188455.907,8915050.000,2022-06-01,724554.000,2022-06-06,2040.093,2022-06-06
2022-06-07,8210622.605,8915050.000,2022-06-01,702336.000,2022-06-07,2091.395,2022-06-07
2022-06-08,8232221.723,8918254.000,2022-06-08,683892.000,2022-06-08,2140.277,2022-06-08
2022-06-09,8285085.682,8918254.000,2022-06-08,631026.000,2022-06-09,2142.318,2022-06-09
2022-06-10,8288698.115,8918254.000,2022-06-08,627393.000,2022-06-10,2162.885,2022-06-10
2022-06-13,8262323.380,8918254.000,2022-06-08,653718.000,2022-06-13,2212.620,2022-06-13
2022-06-14,8254803.143,8918254.000,2022-06-08,661227.000,2022-06-14,2223.857,2022-06-14
2022-06-15,8160320.076,8932420.000,2022-06-15,769937.000,2022-06-15,2162.924,2022-06-15
2022-06-16,8174353.618,8932420.000,2022-06-15,755888.000,2022-06-16,2178.382,2022-06-16
2022-06-17,8167863.721,8932420.000,2022-06-15,762327.000,2022-06-17,2229.279,2022-06-17
2022-06-21,8172498.373,8932420.000,2022-06-15,757733.000,2022-06-21,2188.627,2022-06-21
2022-06-22,8187034.542,8934346.000,2022-06-22,745052.000,2022-06-22,2259.458,2022-06-22
2022-06-23,8196921.558,8934346.000,2022-06-22,735139.000,2022-06-23,2285.442,2022-06-23
2022-06-24,8173660.016,8934346.000,2022-06-22,758505.000,2022-06-24,2180.984,2022-06-24
2022-06-27,8163538.058,8934346.000,2022-06-22,768652.000,2022-06-27,2155.942,2022-06-27
2022-06-28,8174890.216,8934346.000,2022-06-22,757242.000,2022-06-28,2213.784,2022-06-28
2022-06-29,8151481.024,8913553.000,2022-06-29,759845.000,2022-06-29,2226.976,2022-06-29
2022-06-30,8128817.257,8913553.000,2022-06-29,782406.000,2022-06-30,2329.743,2022-06-30
2022-07-01,8225543.915,8913553.000,2022-06-29,685842.000,2022-07-01,2167.085,2022-07-01
2022-07-05,8221932.720,8913553.000,2022-06-29,689482.000,2022-07-05,2138.280,2022-07-05
2022-07-06,8201739.974,8891851.000,2022-07-06,687943.000,2022-07-06,2168.026,2022-07-06
2022-07-07,8223634.543,8891851.000,2022-07-06,666044.000,2022-07-07,2172.457,2022-07-07
2022-07-08,8231610.079,8891851.000,2022-07-06,658096.000,2022-07-08,2144.921,2022-07-08
2022-07-11,8223894.734,8891851.000,2022-07-06,665792.000,2022-07-11,2164.266,2022-07-11
2022-07-12,8246563.868,8891851.000,2022-07-06,643141.000,2022-07-12,2146.132,2022-07-12
2022-07-13,8274971.710,8895867.000,2022-07-13,618740.000,2022-07-13,2155.290,2022-07-13
2022-07-14,8298387.879,8895867.000,2022-07-13,595272.000,2022-07-14,2207.121,2022-07-14
2022-07-15,8286879.250,8895867.000,2022-07-13,606834.000,2022-07-15,2153.750,2022-07-15
2022-07-18,8265017.625,8895867.000,2022-07-13,628659.000,2022-07-18,2190.375,2022-07-18
2022-07-19,8257293.179,8895867.000,2022-07-13,636362.000,2022-07-19,2211.821,2022-07-19
2022-07-20,8280624.796,8899213.000,2022-07-20,616348.000,2022-07-20,2240.204,2022-07-20
2022-07-21,8302906.244,8899213.000,2022-07-20,594035.000,2022-07-21,2271.756,2022-07-21
2022-07-22,8307662.041,8899213.000,2022-07-20,589322.000,2022-07-22,2228.959,2022-07-22
2022-07-25,8291148.633,8899213.000,2022-07-20,605872.000,2022-07-25,2192.367,2022-07-25
2022-07-26,8259795.526,8899213.000,2022-07-20,637228.000,2022-07-26,2189.474,2022-07-26
2022-07-27,8272300.006,8890004.000,2022-07-27,615515.000,2022-07-27,2188.994,2022-07-27
2022-07-28,8290747.117,8890004.000,2022-07-27,597017.000,2022-07-28,2239.883,2022-07-28
2022-07-29,8268430.800,8890004.000,2022-07-27,619273.000,2022-07-29,2300.200,2022-07-29
2022-08-01,8336819.115,8890004.000,2022-07-27,551023.000,2022-08-01,2161.885,2022-08-01
2022-08-02,8301477.987,8890004.000,2022-07-27,586370.000,2022-08-02,2156.013,2022-08-02
2022-08-03,8305860.762,8874620.000,2022-08-03,566577.000,2022-08-03,2182.238,2022-08-03
2022-08-04,8318026.454,8874620.000,2022-08-03,554402.000,2022-08-04,2191.546,2022-08-04
2022-08-05,8323576.073,8874620.000,2022-08-03,548849.000,2022-08-05,2194.927,2022-08-05
2022-08-08,8316911.308,8874620.000,2022-08-03,555513.000,2022-08-08,2195.692,2022-08-08
2022-08-09,8289178.432,8874620.000,2022-08-03,583255.000,2022-08-09,2186.568,2022-08-09
2022-08-10,8315820.354,8879138.000,2022-08-10,561140.000,2022-08-10,2177.646,2022-08-10
2022-08-11,8329960.753,8879138.000,2022-08-10,546978.000,2022-08-11,2199.247,2022-08-11
2022-08-12,8328510.807,8879138.000,2022-08-10,548414.000,2022-08-12,2213.193,2022-08-12
2022-08-15,8351041.143,8879138.000,2022-08-10,525921.000,2022-08-15,2175.857,2022-08-15
2022-08-16,8317145.668,8879138.000,2022-08-10,559827.000,2022-08-16,2165.332,2022-08-16
2022-08-17,8308284.369,8849762.000,2022-08-17,539278.000,2022-08-17,2199.631,2022-08-17
2022-08-18,8317044.839,8849762.000,2022-08-17,530499.000,2022-08-18,2218.161,2022-08-18
2022-08-19,8318259.320,8849762.000,2022-08-17,529281.000,2022-08-19,2221.680,2022-08-19
2022-08-22,8304332.335,8849762.000,2022-08-17,543194.000,2022-08-22,2235.665,2022-08-22
2022-08-23,8292372.282,8849762.000,2022-08-17,555139.000,2022-08-23,2250.718,2022-08-23
2022-08-24,8319002.928,8851436.000,2022-08-24,530196.000,2022-08-24,2237.072,2022-08-24
2022-08-25,8269215.093,8851436.000,2022-08-24,580033.000,2022-08-25,2187.907,2022-08-25
2022-08-26,8249144.548,8851436.000,2022-08-24,600109.000,2022-08-26,2182.452,2022-08-26
2022-08-29,8238831.812,8851436.000,2022-08-24,610399.000,2022-08-29,2205.188,2022-08-29
2022-08-30,8222165.025,8851436.000,2022-08-24,627082.000,2022-08-30,2188.975,2022-08-30
2022-08-31,8153930.975,8826093.000,2022-08-31,669911.000,2022-08-31,2251.025,2022-08-31
2022-09-01,8225060.844,8826093.000,2022-08-31,598859.000,2022-09-01,2173.156,2022-09-01
2022-09-02,8249496.587,8826093.000,2022-08-31,574423.000,2022-09-02,2173.413,2022-09-02
2022-09-06,8234308.204,8826093.000,2022-08-31,589596.000,2022-09-06,2188.796,2022-09-06
2022-09-07,8237273.013,8822401.000,2022-09-07,582921.000,2022-09-07,2206.987,2022-09-07
2022-09-08,8238405.534,8822401.000,2022-09-07,581785.000,2022-09-08,2210.466,2022-09-08
2022-09-09,8235191.286,8822401.000,2022-09-07,585000.000,2022-09-09,2209.714,2022-09-09
2022-09-12,8218238.454,8822401.000,2022-09-07,601944.000,2022-09-12,2218.546,2022-09-12
2022-09-13,8220266.281,8822401.000,2022-09-07,599932.000,2022-09-13,2202.719,2022-09-13
2022-09-14,8212536.421,8832759.000,2022-09-14,617997.000,2022-09-14,2225.579,2022-09-14
2022-09-15,8153130.812,8832759.000,2022-09-14,677452.000,2022-09-15,2176.188,2022-09-15
2022-09-16,8137601.167,8832759.000,2022-09-14,692971.000,2022-09-16,2186.833,2022-09-16
2022-09-19,8125543.458,8832759.000,2022-09-14,704998.000,2022-09-19,2217.542,2022-09-19
2022-09-20,8134697.130,8832759.000,2022-09-14,695823.000,2022-09-20,2238.870,2022-09-20
2022-09-21,8124200.100,8816802.000,2022-09-21,690286.000,2022-09-21,2315.900,2022-09-21
2022-09-22,8132415.773,8816802.000,2022-09-21,682027.000,2022-09-22,2359.227,2022-09-22
2022-09-23,8116756.639,8816802.000,2022-09-21,697726.000,2022-09-23,2319.361,2022-09-23
2022-09-26,8108584.989,8816802.000,2022-09-21,705918.000,2022-09-26,2299.011,2022-09-26
2022-09-27,8130531.889,8816802.000,2022-09-21,683943.000,2022-09-27,2327.111,2022-09-27
2022-09-28,8131280.202,8795567.000,2022-09-28,661920.000,2022-09-28,2366.798,2022-09-28
2022-09-29,8134561.237,8795567.000,2022-09-28,658634.000,2022-09-29,2371.763,2022-09-29
2022-09-30,8157147.090,8795567.000,2022-09-28,635994.000,2022-09-30,2425.910,2022-09-30
2022-10-03,8162339.477,8795567.000,2022-09-28,630975.000,2022-10-03,2252.523,2022-10-03
2022-10-04,8175483.384,8795567.000,2022-09-28,617850.000,2022-10-04,2233.616,2022-10-04
2022-10-05,8134691.201,8759053.000,2022-10-05,622131.000,2022-10-05,2230.799,2022-10-05
2022-10-06,8144420.199,8759053.000,2022-10-05,612400.000,2022-10-06,2232.801,2022-10-06
2022-10-07,8144971.050,8759053.000,2022-10-05,611855.000,2022-10-07,2226.950,2022-10-07
2022-10-11,8142049.521,8759053.000,2022-10-05,614781.000,2022-10-11,2222.479,2022-10-11
2022-10-12,8173208.794,8758969.000,2022-10-12,583513.000,2022-10-12,2247.206,2022-10-12
2022-10-13,8178441.900,8758969.000,2022-10-12,578283.000,2022-10-13,2244.100,2022-10-13
2022-10-14,8181764.948,8758969.000,2022-10-12,574982.000,2022-10-14,2222.052,2022-10-14
2022-10-17,8105478.699,8758969.000,2022-10-12,651318.000,2022-10-17,2172.301,2022-10-17
2022-10-18,8101512.275,8758969.000,2022-10-12,655230.000,2022-10-18,2226.725,2022-10-18
2022-10-19,8101067.165,8743922.000,2022-10-19,640613.000,2022-10-19,2241.835,2022-10-19
2022-10-20,8106195.929,8743922.000,2022-10-19,635492.000,2022-10-20,2234.071,2022-10-20
2022-10-21,8117072.191,8743922.000,2022-10-19,624584.000,2022-10-21,2265.809,2022-10-21
2022-10-24,8104894.956,8743922.000,2022-10-19,636785.000,2022-10-24,2242.044,2022-10-24
2022-10-25,8082243.384,8743922.000,2022-10-19,659483.000,2022-10-25,2195.616,2022-10-25
2022-10-26,8084576.144,8723090.000,2022-10-26,636327.000,2022-10-26,2186.856,2022-10-26
2022-10-27,8095575.515,8723090.000,2022-10-26,625362.000,2022-10-27,2152.485,2022-10-27
2022-10-28,8099279.710,8723090.000,2022-10-26,621627.000,2022-10-28,2183.290,2022-10-28
2022-10-31,8124344.541,8723090.000,2022-10-26,596470.000,2022-10-31,2275.459,2022-10-31
2022-11-01,8169880.490,8723090.000,2022-10-26,551009.000,2022-11-01,2200.510,2022-11-01
2022-11-02,8122551.139,8676870.000,2022-11-02,552089.000,2022-11-02,2229.861,2022-11-02
2022-11-03,8149767.209,8676870.000,2022-11-02,524883.000,2022-11-03,2219.791,2022-11-03
2022-11-04,8149945.160,8676870.000,2022-11-02,524694.000,2022-11-04,2230.840,2022-11-04
2022-11-07,8143864.683,8676870.000,2022-11-02,530764.000,2022-11-07,2241.317,2022-11-07
2022-11-08,8129352.445,8676870.000,2022-11-02,545285.000,2022-11-08,2232.555,2022-11-08
2022-11-09,8159308.188,8678886.000,2022-11-09,517340.000,2022-11-09,2237.812,2022-11-09
2022-11-10,8166135.414,8678886.000,2022-11-09,510550.000,2022-11-10,2200.586,2022-11-10
2022-11-14,8152584.982,8678886.000,2022-11-09,524136.000,2022-11-14,2165.018,2022-11-14
2022-11-15,8194445.426,8678886.000,2022-11-09,482354.000,2022-11-15,2086.574,2022-11-15
2022-11-16,8151335.930,8625620.000,2022-11-16,472185.000,2022-11-16,2099.070,2022-11-16
2022-11-17,8158137.561,8625620.000,2022-11-16,465368.000,2022-11-17,2114.439,2022-11-17
2022-11-18,8153896.587,8625620.000,2022-11-16,469610.000,2022-11-18,2113.413,2022-11-18
2022-11-21,8146730.574,8625620.000,2022-11-16,476764.000,2022-11-21,2125.426,2022-11-21
2022-11-22,8110914.068,8625620.000,2022-11-16,512602.000,2022-11-22,2103.932,2022-11-22
2022-11-23,8126566.826,8621390.000,2022-11-23,492754.000,2022-11-23,2069.174,2022-11-23
2022-11-25,8108826.934,8621390.000,2022-11-23,510532.000,2022-11-25,2031.066,2022-11-25
2022-11-28,8102210.086,8621390.000,2022-11-23,517125.000,2022-11-28,2054.914,2022-11-28
2022-11-29,8113273.623,8621390.000,2022-11-23,506052.000,2022-11-29,2064.377,2022-11-29
2022-11-30,8049669.087,8584576.000,2022-11-30,532791.000,2022-11-30,2115.913,2022-11-30
2022-12-01,8124117.714,8584576.000,2022-11-30,458408.000,2022-12-01,2050.286,2022-12-01
2022-12-02,8147587.237,8584576.000,2022-11-30,434939.000,2022-12-02,2049.763,2022-12-02
2022-12-05,8141646.353,8584576.000,2022-11-30,440836.000,2022-12-05,2093.647,2022-12-05
2022-12-06,8171033.535,8584576.000,2022-11-30,411431.000,2022-12-06,2111.465,2022-12-06
2022-12-07,8169730.451,8582735.000,2022-12-07,410853.000,2022-12-07,2151.549,2022-12-07
2022-12-08,8221765.027,8582735.000,2022-12-07,358794.000,2022-12-08,2175.973,2022-12-08
2022-12-09,8222879.252,8582735.000,2022-12-07,357709.000,2022-12-09,2146.748,2022-12-09
2022-12-12,8209679.483,8582735.000,2022-12-07,370897.000,2022-12-12,2158.517,2022-12-12
2022-12-13,8236855.324,8582735.000,2022-12-07,343699.000,2022-12-13,2180.676,2022-12-13
2022-12-14,8239116.136,8583413.000,2022-12-14,342104.000,2022-12-14,2192.864,2022-12-14
2022-12-15,8133183.005,8583413.000,2022-12-14,448106.000,2022-12-15,2123.995,2022-12-15
2022-12-16,8113742.460,8583413.000,2022-12-14,467544.000,2022-12-16,2126.540,2022-12-16
2022-12-19,8098890.235,8583413.000,2022-12-14,482388.000,2022-12-19,2134.765,2022-12-19
2022-12-20,8130840.592,8583413.000,2022-12-14,450413.000,2022-12-20,2159.408,2022-12-20
2022-12-21,8127282.035,8564411.000,2022-12-21,434922.000,2022-12-21,2206.965,2022-12-21
2022-12-22,8132504.102,8564411.000,2022-12-21,429684.000,2022-12-22,2222.898,2022-12-22
2022-12-23,8130941.652,8564411.000,2022-12-21,431253.000,2022-12-23,2216.348,2022-12-23
2022-12-27,8131212.741,8564411.000,2022-12-21,430977.000,2022-12-27,2221.259,2022-12-27
2022-12-28,8139066.997,8551169.000,2022-12-28,409809.000,2022-12-28,2293.003,2022-12-28
2022-12-29,8135960.681,8551169.000,2022-12-28,412900.000,2022-12-29,2308.319,2022-12-29
2022-12-30,8101930.284,8551169.000,2022-12-28,446685.000,2022-12-30,2553.716,2022-12-30
2023-01-03,8162866.728,8551169.000,2022-12-28,386114.000,2023-01-03,2188.272,2023-01-03
2023-01-04,8125579.458,8507429.000,2023-01-04,379620.000,2023-01-04,2229.542,2023-01-04
2023-01-05,8125533.514,8507429.000,2023-01-04,379653.000,2023-01-05,2242.486,2023-01-05
2023-01-06,8129526.735,8507429.000,2023-01-04,375694.000,2023-01-06,2208.265,2023-01-06
2023-01-09,8120009.879,8507429.000,2023-01-04,385220.000,2023-01-09,2199.121,2023-01-09
2023-01-10,8137236.058,8507429.000,2023-01-04,368000.000,2023-01-10,2192.942,2023-01-10
2023-01-11,8159961.830,8508587.000,2023-01-11,346426.000,2023-01-11,2199.170,2023-01-11
2023-01-12,8196021.011,8508587.000,2023-01-11,310363.000,2023-01-12,2202.989,2023-01-12
2023-01-13,8184835.219,8508587.000,2023-01-11,321572.000,2023-01-13,2179.781,2023-01-13
2023-01-17,8107519.672,8508587.000,2023-01-11,398974.000,2023-01-17,2093.328,2023-01-17
2023-01-18,8109407.322,8489039.000,2023-01-18,377500.000,2023-01-18,2131.678,2023-01-18
2023-01-19,8031305.855,8489039.000,2023-01-18,455623.000,2023-01-19,2110.145,2023-01-19
2023-01-20,8032333.477,8489039.000,2023-01-18,454615.000,2023-01-20,2090.523,2023-01-20
2023-01-23,8015898.501,8489039.000,2023-01-18,471005.000,2023-01-23,2135.499,2023-01-23
2023-01-24,7907149.614,8489039.000,2023-01-18,579841.000,2023-01-24,2048.386,2023-01-24
2023-01-25,7895903.439,8470557.000,2023-01-25,572622.000,2023-01-25,2031.561,2023-01-25
2023-01-26,7899979.931,8470557.000,2023-01-25,568553.000,2023-01-26,2024.069,2023-01-26
2023-01-27,7900726.366,8470557.000,2023-01-25,567827.000,2023-01-27,2003.634,2023-01-27
2023-01-30,7888682.286,8470557.000,2023-01-25,579826.000,2023-01-30,2048.714,2023-01-30
2023-01-31,7900587.428,8470557.000,2023-01-25,567908.000,2023-01-31,2061.572,2023-01-31
2023-02-01,7930719.738,8433610.000,2023-02-01,500852.000,2023-02-01,2038.262,2023-02-01
2023-02-02,7925380.937,8433610.000,2023-02-01,506179.000,2023-02-02,2050.063,2023-02-02
2023-02-03,7953950.783,8433610.000,2023-02-01,477618.000,2023-02-03,2041.217,2023-02-03
2023-02-06,7941589.739,8433610.000,2023-02-01,489948.000,2023-02-06,2072.261,2023-02-06
2023-02-07,7903434.042,8433610.000,2023-02-01,528118.000,2023-02-07,2057.958,2023-02-07
2023-02-08,7937471.396,8435369.000,2023-02-08,495838.000,2023-02-08,2059.604,2023-02-08
2023-02-09,7939058.058,8435369.000,2023-02-08,494252.000,2023-02-09,2058.942,2023-02-09
2023-02-10,7943125.107,8435369.000,2023-02-08,490201.000,2023-02-10,2042.893,2023-02-10
2023-02-13,7932158.225,8435369.000,2023-02-08,501103.000,2023-02-13,2107.775,2023-02-13
2023-02-14,7906300.452,8435369.000,2023-02-08,526992.000,2023-02-14,2076.548,2023-02-14
2023-02-15,7943052.002,8384767.000,2023-02-15,439703.000,2023-02-15,2011.998,2023-02-15
2023-02-16,7903695.543,8384767.000,2023-02-15,479039.000,2023-02-16,2032.457,2023-02-16
2023-02-17,7907032.338,8384767.000,2023-02-15,475675.000,2023-02-17,2059.662,2023-02-17
2023-02-21,7874434.936,8384767.000,2023-02-15,508286.000,2023-02-21,2046.064,2023-02-21
2023-02-22,7928769.151,8382190.000,2023-02-22,451307.000,2023-02-22,2113.849,2023-02-22
2023-02-23,8016376.583,8382190.000,2023-02-22,363666.000,2023-02-23,2147.417,2023-02-23
2023-02-24,7998376.859,8382190.000,2023-02-22,381671.000,2023-02-24,2142.141,2023-02-24
2023-02-27,7986010.565,8382190.000,2023-02-22,394017.000,2023-02-27,2162.435,2023-02-27
2023-02-28,7964996.965,8382190.000,2023-02-22,415005.000,2023-02-28,2188.035,2023-02-28
2023-03-01,7986535.050,8339684.000,2023-03-01,351015.000,2023-03-01,2133.950,2023-03-01
2023-03-02,7982259.645,8339684.000,2023-03-01,355232.000,2023-03-02,2192.355,2023-03-02
2023-03-03,8010304.850,8339684.000,2023-03-01,327193.000,2023-03-03,2186.150,2023-03-03
2023-03-06,7997311.207,8339684.000,2023-03-01,340182.000,2023-03-06,2190.793,2023-03-06
2023-03-07,7992789.805,8339684.000,2023-03-01,344724.000,2023-03-07,2170.195,2023-03-07
2023-03-08,8028358.763,8342283.000,2023-03-08,311731.000,2023-03-08,2193.237,2023-03-08
2023-03-09,8093084.377,8342283.000,2023-03-08,246969.000,2023-03-09,2229.623,2023-03-09
2023-03-10,8132020.625,8342283.000,2023-03-08,208074.000,2023-03-10,2188.375,2023-03-10
2023-03-13,8112844.323,8342283.000,2023-03-08,227312.000,2023-03-13,2126.677,2023-03-13
2023-03-14,8086319.421,8342283.000,2023-03-08,253921.000,2023-03-14,2042.579,2023-03-14
2023-03-15,8359601.177,8639300.000,2023-03-15,277643.000,2023-03-15,2055.823,2023-03-15
2023-03-16,8352125.681,8639300.000,2023-03-15,285108.000,2023-03-16,2066.319,2023-03-16
2023-03-17,8357045.834,8639300.000,2023-03-15,280148.000,2023-03-17,2106.166,2023-03-17
2023-03-20,8370100.607,8639300.000,2023-03-15,267101.000,2023-03-20,2098.393,2023-03-20
2023-03-21,8412501.369,8639300.000,2023-03-15,224604.000,2023-03-21,2194.631,2023-03-21
2023-03-22,8531651.392,8733787.000,2023-03-22,199856.000,2023-03-22,2279.608,2023-03-22
2023-03-23,8538643.044,8733787.000,2023-03-22,192910.000,2023-03-23,2233.956,2023-03-23
2023-03-24,8544203.542,8733787.000,2023-03-22,187365.000,2023-03-24,2218.458,2023-03-24
2023-03-27,8530640.869,8733787.000,2023-03-22,200926.000,2023-03-27,2220.131,2023-03-27
2023-03-28,8565207.251,8733787.000,2023-03-22,166348.000,2023-03-28,2231.749,2023-03-28
2023-03-29,8540919.138,8705942.000,2023-03-29,162758.000,2023-03-29,2264.862,2023-03-29
2023-03-30,8509334.469,8705942.000,2023-03-29,194336.000,2023-03-30,2271.531,2023-03-30
2023-03-31,8525874.829,8705942.000,2023-03-29,177692.000,2023-03-31,2375.171,2023-03-31
2023-04-03,8530615.990,8705942.000,2023-03-29,173105.000,2023-04-03,2221.010,2023-04-03
2023-04-04,8563375.625,8705942.000,2023-03-29,140347.000,2023-04-04,2219.375,2023-04-04
2023-04-05,8489452.989,8632384.000,2023-04-05,140688.000,2023-04-05,2243.011,2023-04-05
2023-04-06,8517245.337,8632384.000,2023-04-05,112965.000,2023-04-06,2173.663,2023-04-06
2023-04-07,8519388.337,8632384.000,2023-04-05,110822.000,2023-04-07,2173.663,2023-04-06
2023-04-10,8505140.345,8632384.000,2023-04-05,125004.000,2023-04-10,2239.655,2023-04-10
2023-04-11,8522617.792,8632384.000,2023-04-05,107469.000,2023-04-11,2297.208,2023-04-11
2023-04-12,8525939.138,8614797.000,2023-04-12,86554.000,2023-04-12,2303.862,2023-04-12
2023-04-13,8512987.301,8614797.000,2023-04-12,99488.000,2023-04-13,2321.699,2023-04-13
2023-04-14,8477653.214,8614797.000,2023-04-12,134890.000,2023-04-14,2253.786,2023-04-14
2023-04-17,8468461.155,8614797.000,2023-04-12,144079.000,2023-04-17,2256.845,2023-04-17
2023-04-18,8360006.006,8614797.000,2023-04-12,252552.000,2023-04-18,2238.994,2023-04-18
2023-04-19,8325873.323,8593263.000,2023-04-19,265095.000,2023-04-19,2294.677,2023-04-19
2023-04-20,8311043.741,8593263.000,2023-04-19,279942.000,2023-04-20,2277.259,2023-04-20
2023-04-21,8310060.977,8593263.000,2023-04-19,280912.000,2023-04-21,2290.023,2023-04-21
2023-04-24,8283853.462,8593263.000,2023-04-19,307101.000,2023-04-24,2308.538,2023-04-24
2023-04-25,8275057.598,8593263.000,2023-04-19,315930.000,2023-04-25,2275.402,2023-04-25
2023-04-26,8264279.439,8562768.000,2023-04-26,296209.000,2023-04-26,2279.561,2023-04-26
2023-04-27,8266777.074,8562768.000,2023-04-26,293717.000,2023-04-27,2273.926,2023-04-27
2023-04-28,8244061.521,8562768.000,2023-04-26,316381.000,2023-04-28,2325.479,2023-04-28
2023-05-01,8322065.134,8562768.000,2023-04-26,238463.000,2023-05-01,2239.866,2023-05-01
2023-05-02,8345618.870,8562768.000,2023-04-26,214882.000,2023-05-02,2267.130,2023-05-02
2023-05-03,8313426.778,8503994.000,2023-05-03,188309.000,2023-05-03,2258.222,2023-05-03
2023-05-04,8293085.601,8503994.000,2023-05-03,208666.000,2023-05-04,2242.399,2023-05-04
2023-05-05,8295072.585,8503994.000,2023-05-03,206714.000,2023-05-05,2207.415,2023-05-05
2023-05-08,8286643.399,8503994.000,2023-05-03,215133.000,2023-05-08,2217.601,2023-05-08
2023-05-09,8316856.136,8503994.000,2023-05-03,184915.000,2023-05-09,2222.864,2023-05-09
2023-05-10,8345975.851,8503017.000,2023-05-10,154808.000,2023-05-10,2233.149,2023-05-10
2023-05-11,8357460.757,8503017.000,2023-05-10,143314.000,2023-05-11,2242.243,2023-05-11
2023-05-12,8360843.801,8503017.000,2023-05-10,139944.000,2023-05-12,2229.199,2023-05-12
2023-05-15,8413365.073,8503017.000,2023-05-10,87431.000,2023-05-15,2220.927,2023-05-15
2023-05-16,8406184.786,8503017.000,2023-05-10,94629.000,2023-05-16,2203.214,2023-05-16
2023-05-17,8386214.324,8456760.000,2023-05-17,68332.000,2023-05-17,2213.676,2023-05-17
2023-05-18,8397180.734,8456760.000,2023-05-17,57341.000,2023-05-18,2238.266,2023-05-18
2023-05-19,8393827.280,8456760.000,2023-05-17,60656.000,2023-05-19,2276.720,2023-05-19
2023-05-22,8386149.689,8456760.000,2023-05-17,68335.000,2023-05-22,2275.311,2023-05-22
2023-05-23,8377957.311,8456760.000,2023-05-17,76546.000,2023-05-23,2256.689,2023-05-23
2023-05-24,8384531.291,8436255.000,2023-05-24,49473.000,2023-05-24,2250.709,2023-05-24
2023-05-25,8395220.362,8436255.000,2023-05-24,38837.000,2023-05-25,2197.638,2023-05-25
2023-05-26,8379572.319,8436255.000,2023-05-24,54493.000,2023-05-26,2189.681,2023-05-26
2023-05-30,8396697.521,8436255.000,2023-05-24,37357.000,2023-05-30,2200.479,2023-05-30
2023-05-31,8335087.141,8385854.000,2023-05-31,48512.000,2023-05-31,2254.859,2023-05-31
2023-06-01,8360801.945,8385854.000,2023-05-31,22892.000,2023-06-01,2160.055,2023-06-01
2023-06-02,8360343.898,8385854.000,2023-05-31,23368.000,2023-06-02,2142.102,2023-06-02
2023-06-05,8312504.583,8385854.000,2023-05-31,71218.000,2023-06-05,2131.417,2023-06-05
2023-06-06,8312142.362,8385854.000,2023-05-31,71577.000,2023-06-06,2134.638,2023-06-06
2023-06-07,8309663.444,8389325.000,2023-06-07,77500.000,2023-06-07,2161.556,2023-06-07
2023-06-08,8299211.202,8389325.000,2023-06-07,87972.000,2023-06-08,2141.798,2023-06-08
2023-06-09,8301196.348,8389325.000,2023-06-07,86001.000,2023-06-09,2127.652,2023-06-09
2023-06-12,8286259.130,8389325.000,2023-06-07,100939.000,2023-06-12,2126.870,2023-06-12
2023-06-13,8254191.480,8389325.000,2023-06-07,133059.000,2023-06-13,2074.520,2023-06-13
2023-06-14,8251356.895,8388323.000,2023-06-14,134857.000,2023-06-14,2109.105,2023-06-14
2023-06-15,8135913.860,8388323.000,2023-06-14,250417.000,2023-06-15,1992.140,2023-06-15
2023-06-16,8119436.444,8388323.000,2023-06-14,266875.000,2023-06-16,2011.556,2023-06-16
2023-06-20,8058408.511,8388323.000,2023-06-14,327925.000,2023-06-20,1989.489,2023-06-20
2023-06-21,8067916.898,8362060.000,2023-06-21,292106.000,2023-06-21,2037.102,2023-06-21
2023-06-22,7993560.289,8362060.000,2023-06-21,366505.000,2023-06-22,1994.711,2023-06-22
2023-06-23,7982706.620,8362060.000,2023-06-21,377384.000,2023-06-23,1969.380,2023-06-23
2023-06-26,7971321.973,8362060.000,2023-06-21,388777.000,2023-06-26,1961.027,2023-06-26
2023-06-27,7922109.902,8362060.000,2023-06-21,437999.000,2023-06-27,1951.098,2023-06-27
2023-06-28,7930407.789,8340914.000,2023-06-28,408561.000,2023-06-28,1945.211,2023-06-28
2023-06-29,7873857.316,8340914.000,2023-06-28,465122.000,2023-06-29,1934.684,2023-06-29
2023-06-30,7936485.681,8340914.000,2023-06-28,402394.000,2023-06-30,2034.319,2023-06-30
2023-07-03,7944547.361,8340914.000,2023-06-28,394457.000,2023-07-03,1909.639,2023-07-03
2023-07-05,7849580.939,8298312.000,2023-07-05,446864.000,2023-07-05,1867.061,2023-07-05
2023-07-06,7783047.744,8298312.000,2023-07-05,513410.000,2023-07-06,1854.256,2023-07-06
2023-07-07,7791499.697,8298312.000,2023-07-05,504990.000,2023-07-07,1822.303,2023-07-07
2023-07-10,7784723.019,8298312.000,2023-07-05,511777.000,2023-07-10,1811.981,2023-07-10
2023-07-11,7753752.204,8298312.000,2023-07-05,542784.000,2023-07-11,1775.796,2023-07-11
2023-07-12,7777684.854,8296923.000,2023-07-12,517418.000,2023-07-12,1820.146,2023-07-12
2023-07-13,7772455.568,8296923.000,2023-07-12,522700.000,2023-07-13,1767.432,2023-07-13
2023-07-14,7773560.223,8296923.000,2023-07-12,521622.000,2023-07-14,1740.777,2023-07-14
2023-07-17,7763777.678,8296923.000,2023-07-12,531417.000,2023-07-17,1728.322,2023-07-17
2023-07-18,7733687.138,8296923.000,2023-07-12,561519.000,2023-07-18,1716.862,2023-07-18
2023-07-19,7735378.196,8274552.000,2023-07-19,537441.000,2023-07-19,1732.804,2023-07-19
2023-07-20,7734961.999,8274552.000,2023-07-19,537869.000,2023-07-20,1721.001,2023-07-20
2023-07-21,7739947.248,8274552.000,2023-07-19,532834.000,2023-07-21,1770.752,2023-07-21
2023-07-24,7727767.133,8274552.000,2023-07-19,545014.000,2023-07-24,1770.867,2023-07-24
2023-07-25,7698933.284,8274552.000,2023-07-19,573898.000,2023-07-25,1720.716,2023-07-25
2023-07-26,7691697.267,8243344.000,2023-07-26,549897.000,2023-07-26,1749.733,2023-07-26
2023-07-27,7689977.217,8243344.000,2023-07-26,551631.000,2023-07-27,1735.783,2023-07-27
2023-07-28,7691709.773,8243344.000,2023-07-26,549904.000,2023-07-28,1730.227,2023-07-28
2023-07-31,7739694.876,8243344.000,2023-07-26,501828.000,2023-07-31,1821.124,2023-07-31
2023-08-01,7783491.446,8243344.000,2023-07-26,458113.000,2023-08-01,1739.554,2023-08-01
2023-08-02,7744067.814,8206764.000,2023-08-02,460926.000,2023-08-02,1770.186,2023-08-02
2023-08-03,7759867.226,8206764.000,2023-08-02,445120.000,2023-08-03,1776.774,2023-08-03
2023-08-04,7763489.196,8206764.000,2023-08-02,441481.000,2023-08-04,1793.804,2023-08-04
2023-08-07,7753618.417,8206764.000,2023-08-02,451335.000,2023-08-07,1810.583,2023-08-07
2023-08-08,7745987.649,8206764.000,2023-08-02,458998.000,2023-08-08,1778.351,2023-08-08
2023-08-09,7774182.481,8208241.000,2023-08-09,432262.000,2023-08-09,1796.519,2023-08-09
2023-08-10,7756383.103,8208241.000,2023-08-09,450098.000,2023-08-10,1759.897,2023-08-10
2023-08-11,7755105.764,8208241.000,2023-08-09,451362.000,2023-08-11,1773.236,2023-08-11
2023-08-14,7743314.689,8208241.000,2023-08-09,463127.000,2023-08-14,1799.311,2023-08-14
2023-08-15,7808059.216,8208241.000,2023-08-09,398438.000,2023-08-15,1743.784,2023-08-15
2023-08-16,7759116.275,8145727.000,2023-08-16,384814.000,2023-08-16,1796.725,2023-08-16
2023-08-17,7735096.880,8145727.000,2023-08-16,408836.000,2023-08-17,1794.120,2023-08-17
2023-08-18,7738939.799,8145727.000,2023-08-16,404968.000,2023-08-18,1819.201,2023-08-18
2023-08-21,7728304.212,8145727.000,2023-08-16,415598.000,2023-08-21,1824.788,2023-08-21
2023-08-22,7702776.706,8145727.000,2023-08-16,441138.000,2023-08-22,1812.294,2023-08-22
2023-08-23,7721218.467,8139066.000,2023-08-23,416031.000,2023-08-23,1816.533,2023-08-23
2023-08-24,7698420.377,8139066.000,2023-08-23,438914.000,2023-08-24,1731.623,2023-08-24
2023-08-25,7676121.621,8139066.000,2023-08-23,461257.000,2023-08-25,1687.379,2023-08-25
2023-08-28,7665154.395,8139066.000,2023-08-23,472203.000,2023-08-28,1708.605,2023-08-28
2023-08-29,7637362.722,8139066.000,2023-08-23,500010.000,2023-08-29,1693.278,2023-08-29
2023-08-30,7618917.181,8121316.000,2023-08-30,500702.000,2023-08-30,1696.819,2023-08-30
2023-08-31,7577821.398,8121316.000,2023-08-30,541843.000,2023-08-31,1651.602,2023-08-31
2023-09-01,7673623.935,8121316.000,2023-08-30,446118.000,2023-09-01,1574.065,2023-09-01
2023-09-05,7631444.510,8121316.000,2023-08-30,488303.000,2023-09-05,1568.490,2023-09-05
2023-09-06,7618159.756,8101318.000,2023-09-06,481552.000,2023-09-06,1606.244,2023-09-06
2023-09-07,7590678.711,8101318.000,2023-09-06,509104.000,2023-09-07,1535.289,2023-09-07
2023-09-08,7590479.597,8101318.000,2023-09-06,509313.000,2023-09-08,1525.403,2023-09-08
2023-09-11,7574456.889,8101318.000,2023-09-06,525312.000,2023-09-11,1549.111,2023-09-11
2023-09-12,7548993.219,8101318.000,2023-09-06,550831.000,2023-09-12,1493.781,2023-09-12
2023-09-13,7559868.775,8098779.000,2023-09-13,537364.000,2023-09-13,1546.225,2023-09-13
2023-09-14,7514443.573,8098779.000,2023-09-13,582843.000,2023-09-14,1492.427,2023-09-14
2023-09-15,7464522.597,8098779.000,2023-09-13,632855.000,2023-09-15,1401.403,2023-09-15
2023-09-18,7433313.058,8098779.000,2023-09-13,664013.000,2023-09-18,1452.942,2023-09-18
2023-09-19,7422390.676,8098779.000,2023-09-13,674935.000,2023-09-19,1453.324,2023-09-19
2023-09-20,7360886.016,8024090.000,2023-09-20,661717.000,2023-09-20,1486.984,2023-09-20
2023-09-21,7340132.885,8024090.000,2023-09-20,682503.000,2023-09-21,1454.115,2023-09-21
2023-09-22,7348504.425,8024090.000,2023-09-20,674158.000,2023-09-22,1427.575,2023-09-22
2023-09-25,7332653.690,8024090.000,2023-09-20,689999.000,2023-09-25,1437.310,2023-09-25
2023-09-26,7321770.699,8024090.000,2023-09-20,700881.000,2023-09-26,1438.301,2023-09-26
2023-09-27,7328479.195,8002064.000,2023-09-27,672142.000,2023-09-27,1442.805,2023-09-27
2023-09-28,7327436.634,8002064.000,2023-09-27,673174.000,2023-09-28,1453.366,2023-09-28
2023-09-29,7343617.431,8002064.000,2023-09-27,656889.000,2023-09-29,1557.569,2023-09-29
2023-10-02,7322763.261,8002064.000,2023-09-27,677935.000,2023-10-02,1365.739,2023-10-02
2023-10-03,7325391.535,8002064.000,2023-09-27,675324.000,2023-10-03,1348.465,2023-10-03
2023-10-04,7275480.969,7955782.000,2023-10-04,678959.000,2023-10-04,1342.031,2023-10-04
2023-10-05,7254334.868,7955782.000,2023-10-04,700182.000,2023-10-05,1265.132,2023-10-05
2023-10-06,7252763.539,7955782.000,2023-10-04,701735.000,2023-10-06,1283.461,2023-10-06
2023-10-10,7210563.560,7955782.000,2023-10-04,743996.000,2023-10-10,1222.440,2023-10-10
2023-10-11,7237814.618,7952054.000,2023-10-11,713000.000,2023-10-11,1239.382,2023-10-11
2023-10-12,7253883.681,7952054.000,2023-10-11,697013.000,2023-10-12,1157.319,2023-10-12
2023-10-13,7248383.182,7952054.000,2023-10-11,702519.000,2023-10-13,1151.818,2023-10-13
2023-10-16,7134965.181,7952054.000,2023-10-11,815980.000,2023-10-16,1108.819,2023-10-16
2023-10-17,7093476.498,7952054.000,2023-10-11,857495.000,2023-10-17,1082.502,2023-10-17
2023-10-18,7090908.219,7933162.000,2023-10-18,841103.000,2023-10-18,1150.781,2023-10-18
2023-10-19,7103494.821,7933162.000,2023-10-18,828553.000,2023-10-19,1114.179,2023-10-19
2023-10-20,7112182.244,7933162.000,2023-10-18,819841.000,2023-10-20,1138.756,2023-10-20
2023-10-23,7097246.024,7933162.000,2023-10-18,834758.000,2023-10-23,1157.976,2023-10-23
2023-10-24,7061686.125,7933162.000,2023-10-18,870378.000,2023-10-24,1097.875,2023-10-24
2023-10-25,7059012.383,7907830.000,2023-10-25,847717.000,2023-10-25,1100.617,2023-10-25
2023-10-26,7071659.150,7907830.000,2023-10-25,835081.000,2023-10-26,1089.850,2023-10-26
2023-10-27,7078425.142,7907830.000,2023-10-25,828313.000,2023-10-27,1091.858,2023-10-27
2023-10-30,7068722.965,7907830.000,2023-10-25,837969.000,2023-10-30,1138.035,2023-10-30
2023-10-31,7074280.303,7907830.000,2023-10-25,832412.000,2023-10-31,1137.697,2023-10-31
2023-11-01,7112576.538,7866664.000,2023-11-01,753008.000,2023-11-01,1079.462,2023-11-01
2023-11-02,7077482.014,7866664.000,2023-11-01,788127.000,2023-11-02,1054.986,2023-11-02
2023-11-03,7102215.861,7866664.000,2023-11-01,763377.000,2023-11-03,1071.139,2023-11-03
2023-11-06,7091431.122,7866664.000,2023-11-01,774170.000,2023-11-06,1062.878,2023-11-06
2023-11-07,7072739.315,7866664.000,2023-11-01,792916.000,2023-11-07,1008.685,2023-11-07
2023-11-08,7096207.549,7860691.000,2023-11-08,763459.000,2023-11-08,1024.451,2023-11-08
2023-11-09,7116836.686,7860691.000,2023-11-08,742861.000,2023-11-09,993.314,2023-11-09
2023-11-10,7116824.280,7860691.000,2023-11-08,742834.000,2023-11-10,1032.720,2023-11-10
2023-11-13,7102811.728,7860691.000,2023-11-08,756859.000,2023-11-13,1020.272,2023-11-13
2023-11-14,7087967.702,7860691.000,2023-11-08,771735.000,2023-11-14,988.298,2023-11-14
2023-11-15,7144070.759,7814991.000,2023-11-15,669976.000,2023-11-15,944.241,2023-11-15
2023-11-16,7114817.990,7814991.000,2023-11-15,699261.000,2023-11-16,912.010,2023-11-16
2023-11-17,7111429.197,7814991.000,2023-11-15,702626.000,2023-11-17,935.803,2023-11-17
2023-11-20,7100267.912,7814991.000,2023-11-15,713770.000,2023-11-20,953.088,2023-11-20
2023-11-21,7085859.845,7814991.000,2023-11-15,728200.000,2023-11-21,931.155,2023-11-21
2023-11-22,7116875.396,7810814.000,2023-11-22,693007.000,2023-11-22,931.604,2023-11-22
2023-11-24,7068724.093,7810814.000,2023-11-22,741224.000,2023-11-24,865.907,2023-11-24
2023-11-27,7056460.780,7810814.000,2023-11-22,753486.000,2023-11-27,867.220,2023-11-27
2023-11-28,7059216.656,7810814.000,2023-11-22,750724.000,2023-11-28,873.344,2023-11-28
2023-11-29,7041660.813,7796145.000,2023-11-29,753570.000,2023-11-29,914.187,2023-11-29
2023-11-30,7036406.178,7796145.000,2023-11-29,758851.000,2023-11-30,887.822,2023-11-30
2023-12-01,7127177.457,7796145.000,2023-11-29,668199.000,2023-12-01,768.543,2023-12-01
2023-12-04,7113636.153,7796145.000,2023-11-29,681693.000,2023-12-04,815.847,2023-12-04
2023-12-05,7130568.572,7796145.000,2023-11-29,664742.000,2023-12-05,834.428,2023-12-05
2023-12-06,7068860.502,7737385.000,2023-12-06,667678.000,2023-12-06,846.498,2023-12-06
2023-12-07,7068361.266,7737385.000,2023-12-06,668198.000,2023-12-07,825.734,2023-12-07
2023-12-08,7073241.592,7737385.000,2023-12-06,663322.000,2023-12-08,821.408,2023-12-08
2023-12-11,7063812.493,7737385.000,2023-12-06,672734.000,2023-12-11,838.507,2023-12-11
2023-12-12,7088987.197,7737385.000,2023-12-06,647560.000,2023-12-12,837.803,2023-12-12
2023-12-13,7108124.671,7739566.000,2023-12-13,630618.000,2023-12-13,823.329,2023-12-13
2023-12-14,7090748.654,7739566.000,2023-12-13,648048.000,2023-12-14,769.346,2023-12-14
2023-12-15,6998773.746,7739566.000,2023-12-13,740109.000,2023-12-15,683.254,2023-12-15
2023-12-18,6965651.296,7739566.000,2023-12-13,773190.000,2023-12-18,724.704,2023-12-18
2023-12-19,6987703.918,7739566.000,2023-12-13,751089.000,2023-12-19,773.082,2023-12-19
2023-12-20,6990562.857,7724063.000,2023-12-20,732721.000,2023-12-20,779.143,2023-12-20
2023-12-21,6989125.598,7724063.000,2023-12-20,734159.000,2023-12-21,778.402,2023-12-21
2023-12-22,6990978.742,7724063.000,2023-12-20,732312.000,2023-12-22,772.258,2023-12-22
2023-12-26,6979904.063,7724063.000,2023-12-20,743365.000,2023-12-26,793.937,2023-12-26
2023-12-27,6998898.131,7712781.000,2023-12-27,713064.000,2023-12-27,818.869,2023-12-27
2023-12-28,6986978.427,7712781.000,2023-12-27,724973.000,2023-12-28,829.573,2023-12-28
2023-12-29,6943172.517,7712781.000,2023-12-27,768590.000,2023-12-29,1018.483,2023-12-29
2024-01-02,6945736.136,7712781.000,2023-12-27,766340.000,2024-01-02,704.864,2024-01-02
2024-01-03,6936840.103,7681024.000,2024-01-03,743464.000,2024-01-03,719.897,2024-01-03
2024-01-04,6927180.101,7681024.000,2024-01-03,753179.000,2024-01-04,664.899,2024-01-04
2024-01-05,6932347.522,7681024.000,2024-01-03,747982.000,2024-01-05,694.478,2024-01-05
2024-01-08,6921766.515,7681024.000,2024-01-03,758566.000,2024-01-08,691.485,2024-01-08
2024-01-09,6930940.950,7681024.000,2024-01-03,749407.000,2024-01-09,676.050,2024-01-09
2024-01-10,6958174.039,7686710.000,2024-01-10,727856.000,2024-01-10,679.961,2024-01-10
2024-01-11,6955778.630,7686710.000,2024-01-10,730305.000,2024-01-11,626.370,2024-01-11
2024-01-12,6950349.884,7686710.000,2024-01-10,735757.000,2024-01-12,603.116,2024-01-12
2024-01-16,6890822.897,7686710.000,2024-01-10,795304.000,2024-01-16,583.103,2024-01-16
2024-01-17,6899606.809,7673741.000,2024-01-17,773544.000,2024-01-17,590.191,2024-01-17
2024-01-18,6883430.766,7673741.000,2024-01-17,789692.000,2024-01-18,618.234,2024-01-18
2024-01-19,6883097.818,7673741.000,2024-01-17,790018.000,2024-01-19,625.182,2024-01-19
2024-01-22,6870548.897,7673741.000,2024-01-17,802545.000,2024-01-22,647.103,2024-01-22
2024-01-23,6855060.805,7673741.000,2024-01-17,818059.000,2024-01-23,621.195,2024-01-23
2024-01-24,6861431.440,7677230.000,2024-01-24,815159.000,2024-01-24,639.560,2024-01-24
2024-01-25,6846612.313,7677230.000,2024-01-24,830060.000,2024-01-25,557.687,2024-01-25
2024-01-26,6847253.172,7677230.000,2024-01-24,829406.000,2024-01-26,570.828,2024-01-26
2024-01-29,6832836.590,7677230.000,2024-01-24,843812.000,2024-01-29,581.410,2024-01-29
2024-01-30,6813374.245,7677230.000,2024-01-24,863278.000,2024-01-30,577.755,2024-01-30
2024-01-31,6764027.621,7630124.000,2024-01-31,865481.000,2024-01-31,615.379,2024-01-31
2024-02-01,6815963.452,7630124.000,2024-01-31,813657.000,2024-02-01,503.548,2024-02-01
2024-02-02,6843431.578,7630124.000,2024-01-31,786179.000,2024-02-02,513.422,2024-02-02
2024-02-05,6829273.711,7630124.000,2024-01-31,800298.000,2024-02-05,552.289,2024-02-05
2024-02-06,6808710.561,7630124.000,2024-01-31,820881.000,2024-02-06,532.439,2024-02-06
2024-02-07,6809171.945,7631300.000,2024-02-07,821575.000,2024-02-07,553.055,2024-02-07
2024-02-08,6797788.295,7631300.000,2024-02-07,832976.000,2024-02-08,535.705,2024-02-08
2024-02-09,6798790.825,7631300.000,2024-02-07,831940.000,2024-02-09,569.175,2024-02-09
2024-02-12,6785714.432,7631300.000,2024-02-07,845004.000,2024-02-12,581.568,2024-02-12
2024-02-13,6770390.316,7631300.000,2024-02-07,860356.000,2024-02-13,553.684,2024-02-13
2024-02-14,6801418.668,7633874.000,2024-02-14,831880.000,2024-02-14,575.332,2024-02-14
2024-02-15,6864496.935,7633874.000,2024-02-14,768884.000,2024-02-15,493.065,2024-02-15
2024-02-16,6853595.875,7633874.000,2024-02-14,779746.000,2024-02-16,532.125,2024-02-16
2024-02-20,6811714.121,7633874.000,2024-02-14,821629.000,2024-02-20,530.879,2024-02-20
2024-02-21,6792349.118,7581683.000,2024-02-21,788759.000,2024-02-21,574.882,2024-02-21
2024-02-22,6821573.755,7581683.000,2024-02-21,759556.000,2024-02-22,553.245,2024-02-22
2024-02-23,6793679.893,7581683.000,2024-02-21,787483.000,2024-02-23,520.107,2024-02-23
2024-02-26,6778739.041,7581683.000,2024-02-21,802419.000,2024-02-26,524.959,2024-02-26
2024-02-27,6772508.275,7581683.000,2024-02-21,808655.000,2024-02-27,519.725,2024-02-27
2024-02-28,6799565.145,7567807.000,2024-02-28,767672.000,2024-02-28,569.855,2024-02-28
2024-02-29,6730205.926,7567807.000,2024-02-28,837099.000,2024-02-29,502.074,2024-02-29
2024-03-01,6819225.735,7567807.000,2024-02-28,748140.000,2024-03-01,441.265,2024-03-01
2024-03-04,6801954.207,7567807.000,2024-02-28,765413.000,2024-03-04,439.793,2024-03-04
2024-03-05,6800713.526,7567807.000,2024-02-28,766649.000,2024-03-05,444.474,2024-03-05
2024-03-06,6777850.153,7538857.000,2024-03-06,760550.000,2024-03-06,456.847,2024-03-06
2024-03-07,6772446.246,7538857.000,2024-03-06,765974.000,2024-03-07,436.754,2024-03-07
2024-03-08,6773726.197,7538857.000,2024-03-06,764686.000,2024-03-08,444.803,2024-03-08
2024-03-11,6751960.272,7538857.000,2024-03-06,786418.000,2024-03-11,478.728,2024-03-11
2024-03-12,6754635.138,7538857.000,2024-03-06,783745.000,2024-03-12,476.862,2024-03-12
2024-03-13,6793059.262,7541969.000,2024-03-13,748388.000,2024-03-13,521.738,2024-03-13
2024-03-14,6792273.427,7541969.000,2024-03-13,749212.000,2024-03-14,483.573,2024-03-14
2024-03-15,6737361.123,7541969.000,2024-03-13,804194.000,2024-03-15,413.877,2024-03-15
2024-03-18,6695527.404,7541969.000,2024-03-13,846001.000,2024-03-18,440.596,2024-03-18
2024-03-19,6696840.022,7541969.000,2024-03-13,844682.000,2024-03-19,446.978,2024-03-19
2024-03-20,6701246.755,7514348.000,2024-03-20,812605.000,2024-03-20,496.245,2024-03-20
2024-03-21,6710977.369,7514348.000,2024-03-20,802910.000,2024-03-21,460.631,2024-03-21
2024-03-22,6708827.469,7514348.000,2024-03-20,805042.000,2024-03-22,478.531,2024-03-22
2024-03-25,6692188.213,7514348.000,2024-03-20,821686.000,2024-03-25,473.787,2024-03-25
2024-03-26,6710202.938,7514348.000,2024-03-20,803649.000,2024-03-26,496.062,2024-03-26
2024-03-27,6711960.643,7484739.000,2024-03-27,772260.000,2024-03-27,518.357,2024-03-27
2024-03-28,6713489.572,7484739.000,2024-03-27,770655.000,2024-03-28,594.428,2024-03-28
2024-03-29,6708876.572,7484739.000,2024-03-27,775268.000,2024-03-29,594.428,2024-03-28
2024-04-01,6693078.097,7484739.000,2024-03-27,791219.000,2024-04-01,441.903,2024-04-01
2024-04-02,6724241.576,7484739.000,2024-03-27,760049.000,2024-04-02,448.424,2024-04-02
2024-04-03,6706293.369,7439558.000,2024-04-03,732828.000,2024-04-03,436.631,2024-04-03
2024-04-04,6728917.236,7439558.000,2024-04-03,710202.000,2024-04-04,438.764,2024-04-04
2024-04-05,6728730.681,7439558.000,2024-04-03,710389.000,2024-04-05,438.319,2024-04-05
2024-04-08,6710042.403,7439558.000,2024-04-03,729067.000,2024-04-08,448.597,2024-04-08
2024-04-09,6747292.208,7439558.000,2024-04-03,691824.000,2024-04-09,441.792,2024-04-09
2024-04-10,6765193.184,7438176.000,2024-04-10,672537.000,2024-04-10,445.816,2024-04-10
2024-04-11,6770003.639,7438176.000,2024-04-10,667717.000,2024-04-11,455.361,2024-04-11
2024-04-12,6712742.678,7438176.000,2024-04-10,725026.000,2024-04-12,407.322,2024-04-12
2024-04-15,6540832.934,7438176.000,2024-04-10,897016.000,2024-04-15,327.066,2024-04-15
2024-04-16,6531802.446,7438176.000,2024-04-10,906002.000,2024-04-16,371.554,2024-04-16
2024-04-17,6475133.492,7405506.000,2024-04-17,929932.000,2024-04-17,440.508,2024-04-17
2024-04-18,6474530.994,7405506.000,2024-04-17,930542.000,2024-04-18,433.006,2024-04-18
2024-04-19,6465644.766,7405506.000,2024-04-17,939464.000,2024-04-19,397.234,2024-04-19
2024-04-22,6449110.184,7405506.000,2024-04-17,955986.000,2024-04-22,409.816,2024-04-22
2024-04-23,6449356.120,7405506.000,2024-04-17,955714.000,2024-04-23,435.880,2024-04-23
2024-04-24,6472613.785,7402434.000,2024-04-24,929379.000,2024-04-24,441.215,2024-04-24
2024-04-25,6494025.072,7402434.000,2024-04-24,907965.000,2024-04-25,443.928,2024-04-25
2024-04-26,6492031.088,7402434.000,2024-04-24,909938.000,2024-04-26,464.912,2024-04-26
2024-04-29,6472334.470,7402434.000,2024-04-24,929594.000,2024-04-29,505.530,2024-04-29
2024-04-30,6439471.766,7402434.000,2024-04-24,962428.000,2024-04-30,534.234,2024-04-30
2024-05-01,6471593.852,7362474.000,2024-05-01,890442.000,2024-05-01,438.148,2024-05-01
2024-05-02,6489453.320,7362474.000,2024-05-01,872592.000,2024-05-02,428.680,2024-05-02
2024-05-03,6508913.835,7362474.000,2024-05-01,853110.000,2024-05-03,450.165,2024-05-03
2024-05-06,6495142.030,7362474.000,2024-05-01,866863.000,2024-05-06,468.970,2024-05-06
2024-05-07,6516457.675,7362474.000,2024-05-01,845541.000,2024-05-07,475.325,2024-05-07
2024-05-08,6536105.573,7353408.000,2024-05-08,816809.000,2024-05-08,493.427,2024-05-08
2024-05-09,6548703.450,7353408.000,2024-05-08,804246.000,2024-05-09,458.550,2024-05-09
2024-05-10,6557760.566,7353408.000,2024-05-08,795161.000,2024-05-10,486.434,2024-05-10
2024-05-13,6544485.932,7353408.000,2024-05-08,808430.000,2024-05-13,492.068,2024-05-13
2024-05-14,6547278.656,7353408.000,2024-05-08,805661.000,2024-05-14,468.344,2024-05-14
2024-05-15,6597720.221,7304272.000,2024-05-15,706108.000,2024-05-15,443.779,2024-05-15
2024-05-16,6586985.879,7304272.000,2024-05-15,716876.000,2024-05-16,410.121,2024-05-16
2024-05-17,6579245.627,7304272.000,2024-05-15,724577.000,2024-05-17,449.373,2024-05-17
2024-05-20,6566055.272,7304272.000,2024-05-15,737727.000,2024-05-20,489.728,2024-05-20
2024-05-21,6565368.280,7304272.000,2024-05-15,738412.000,2024-05-21,491.720,2024-05-21
2024-05-22,6588187.618,7299566.000,2024-05-22,710882.000,2024-05-22,496.382,2024-05-22
2024-05-23,6595472.602,7299566.000,2024-05-22,703626.000,2024-05-23,467.398,2024-05-23
2024-05-24,6601181.761,7299566.000,2024-05-22,697953.000,2024-05-24,431.239,2024-05-24
2024-05-28,6580260.164,7299566.000,2024-05-22,718888.000,2024-05-28,417.836,2024-05-28
2024-05-29,6567839.686,7284319.000,2024-05-29,716020.000,2024-05-29,459.314,2024-05-29
2024-05-30,6584806.966,7284319.000,2024-05-29,699060.000,2024-05-30,452.034,2024-05-30
2024-05-31,6564953.194,7284319.000,2024-05-29,718926.000,2024-05-31,439.806,2024-05-31
2024-06-03,6571572.931,7284319.000,2024-05-29,712359.000,2024-06-03,387.069,2024-06-03
2024-06-04,6583289.175,7284319.000,2024-05-29,700652.000,2024-06-04,377.825,2024-06-04
2024-06-05,6552001.159,7255687.000,2024-06-05,703314.000,2024-06-05,371.841,2024-06-05
2024-06-06,6574562.875,7255687.000,2024-06-05,680746.000,2024-06-06,378.125,2024-06-06
2024-06-07,6579783.538,7255687.000,2024-06-05,675508.000,2024-06-07,395.462,2024-06-07
2024-06-10,6564961.519,7255687.000,2024-06-05,690309.000,2024-06-10,416.481,2024-06-10
2024-06-11,6588058.551,7255687.000,2024-06-05,667218.000,2024-06-11,410.449,2024-06-11
2024-06-12,6608314.426,7258974.000,2024-06-12,650212.000,2024-06-12,447.574,2024-06-12
2024-06-13,6610517.136,7258974.000,2024-06-12,648027.000,2024-06-13,429.864,2024-06-13
2024-06-14,6582282.115,7258974.000,2024-06-12,676305.000,2024-06-14,386.885,2024-06-14
2024-06-17,6436028.571,7258974.000,2024-06-12,822612.000,2024-06-17,333.429,2024-06-17
2024-06-18,6476440.458,7258974.000,2024-06-12,782158.000,2024-06-18,375.542,2024-06-18
2024-06-19,6470008.458,7252542.000,2024-06-19,782158.000,2024-06-18,375.542,2024-06-18
2024-06-20,6480404.159,7252542.000,2024-06-19,771749.000,2024-06-20,388.841,2024-06-20
2024-06-21,6488694.960,7252542.000,2024-06-19,763426.000,2024-06-21,421.040,2024-06-21
2024-06-24,6467672.084,7252542.000,2024-06-19,784434.000,2024-06-24,435.916,2024-06-24
2024-06-25,6484826.690,7252542.000,2024-06-19,767249.000,2024-06-25,466.310,2024-06-25
2024-06-26,6486466.844,7231163.000,2024-06-26,744206.000,2024-06-26,490.156,2024-06-26
2024-06-27,6512013.308,7231163.000,2024-06-26,718618.000,2024-06-27,531.692,2024-06-27
2024-06-28,6452700.430,7231163.000,2024-06-26,777798.000,2024-06-28,664.570,2024-06-28
2024-07-01,6467272.217,7231163.000,2024-06-26,763439.000,2024-07-01,451.783,2024-07-01
2024-07-02,6462165.631,7231163.000,2024-06-26,768554.000,2024-07-02,443.369,2024-07-02
2024-07-03,6475486.102,7221520.000,2024-07-03,745608.000,2024-07-03,425.898,2024-07-03
2024-07-05,6488970.368,7221520.000,2024-07-03,732159.000,2024-07-05,390.632,2024-07-05
2024-07-08,6477936.743,7221520.000,2024-07-03,743168.000,2024-07-08,415.257,2024-07-08
2024-07-09,6473858.848,7221520.000,2024-07-03,747238.000,2024-07-09,423.152,2024-07-09
2024-07-10,6501328.853,7224079.000,2024-07-10,722328.000,2024-07-10,422.147,2024-07-10
2024-07-11,6492259.292,7224079.000,2024-07-10,731416.000,2024-07-11,403.708,2024-07-11
2024-07-12,6489207.410,7224079.000,2024-07-10,734465.000,2024-07-12,406.590,2024-07-12
2024-07-15,6459127.720,7224079.000,2024-07-10,764538.000,2024-07-15,413.280,2024-07-15
2024-07-16,6428645.406,7224079.000,2024-07-10,795024.000,2024-07-16,409.594,2024-07-16
2024-07-17,6441068.599,7208247.000,2024-07-17,766779.000,2024-07-17,399.401,2024-07-17
2024-07-18,6432076.348,7208247.000,2024-07-17,775779.000,2024-07-18,391.652,2024-07-18
2024-07-19,6436615.199,7208247.000,2024-07-17,771252.000,2024-07-19,379.801,2024-07-19
2024-07-22,6438068.099,7208247.000,2024-07-17,769783.000,2024-07-22,395.901,2024-07-22
2024-07-23,6414390.163,7208247.000,2024-07-17,793467.000,2024-07-23,389.837,2024-07-23
2024-07-24,6437636.879,7205455.000,2024-07-24,767419.000,2024-07-24,399.121,2024-07-24
2024-07-25,6437183.567,7205455.000,2024-07-24,767894.000,2024-07-25,377.433,2024-07-25
2024-07-26,6438545.743,7205455.000,2024-07-24,766528.000,2024-07-26,381.257,2024-07-26
2024-07-29,6423569.719,7205455.000,2024-07-24,781500.000,2024-07-29,385.281,2024-07-29
2024-07-30,6402665.946,7205455.000,2024-07-24,802422.000,2024-07-30,367.054,2024-07-30
2024-07-31,6323976.800,7178391.000,2024-07-31,854001.000,2024-07-31,413.200,2024-07-31
2024-08-01,6392948.115,7178391.000,2024-07-31,785094.000,2024-08-01,348.885,2024-08-01
2024-08-02,6418994.527,7178391.000,2024-07-31,759058.000,2024-08-02,338.473,2024-08-02
2024-08-05,6408878.754,7178391.000,2024-07-31,769196.000,2024-08-05,316.246,2024-08-05
2024-08-06,6398279.042,7178391.000,2024-07-31,779820.000,2024-08-06,291.958,2024-08-06
2024-08-07,6389736.340,7175256.000,2024-08-07,785233.000,2024-08-07,286.660,2024-08-07
2024-08-08,6382656.841,7175256.000,2024-08-07,792296.000,2024-08-08,303.159,2024-08-08
2024-08-09,6386584.802,7175256.000,2024-08-07,788359.000,2024-08-09,312.198,2024-08-09
2024-08-12,6374892.359,7175256.000,2024-08-07,800035.000,2024-08-12,328.641,2024-08-12
2024-08-13,6362317.506,7175256.000,2024-08-07,812614.000,2024-08-13,324.494,2024-08-13
2024-08-14,6388536.528,7177688.000,2024-08-14,788823.000,2024-08-14,328.472,2024-08-14
2024-08-15,6451471.859,7177688.000,2024-08-14,725909.000,2024-08-15,307.141,2024-08-15
2024-08-16,6446420.683,7177688.000,2024-08-14,730937.000,2024-08-16,330.317,2024-08-16
2024-08-19,6434321.417,7177688.000,2024-08-14,743033.000,2024-08-19,333.583,2024-08-19
2024-08-20,6418397.181,7177688.000,2024-08-14,758980.000,2024-08-20,310.819,2024-08-20
2024-08-21,6404903.671,7139952.000,2024-08-21,734727.000,2024-08-21,321.329,2024-08-21
2024-08-22,6404902.223,7139952.000,2024-08-21,734733.000,2024-08-22,316.777,2024-08-22
2024-08-23,6405405.104,7139952.000,2024-08-21,734234.000,2024-08-23,312.896,2024-08-23
2024-08-26,6399379.443,7139952.000,2024-08-21,740219.000,2024-08-26,353.557,2024-08-26
2024-08-27,6353379.955,7139952.000,2024-08-21,786228.000,2024-08-27,344.045,2024-08-27
2024-08-28,6365772.110,7123238.000,2024-08-28,757077.000,2024-08-28,388.890,2024-08-28
2024-08-29,6368374.566,7123238.000,2024-08-28,754480.000,2024-08-29,383.434,2024-08-29
2024-08-30,6413291.870,7123238.000,2024-08-28,709513.000,2024-08-30,433.130,2024-08-30
2024-09-03,6348753.192,7123238.000,2024-08-28,774135.000,2024-09-03,349.808,2024-09-03
2024-09-04,6341182.688,7112567.000,2024-09-04,771047.000,2024-09-04,337.312,2024-09-04
2024-09-05,6343153.909,7112567.000,2024-09-04,769122.000,2024-09-05,291.091,2024-09-05
2024-09-06,6352431.729,7112567.000,2024-09-04,759836.000,2024-09-06,299.271,2024-09-06
2024-09-09,6340869.842,7112567.000,2024-09-04,771405.000,2024-09-09,292.158,2024-09-09
2024-09-10,6366190.608,7112567.000,2024-09-04,746095.000,2024-09-10,281.392,2024-09-10
2024-09-11,6389144.785,7115001.000,2024-09-11,725577.000,2024-09-11,279.215,2024-09-11
2024-09-12,6426352.536,7115001.000,2024-09-11,688354.000,2024-09-12,294.464,2024-09-12
2024-09-13,6400786.049,7115001.000,2024-09-11,713930.000,2024-09-13,284.951,2024-09-13
2024-09-16,6239658.614,7115001.000,2024-09-11,875103.000,2024-09-16,239.386,2024-09-16
2024-09-17,6261029.663,7115001.000,2024-09-11,853715.000,2024-09-17,256.337,2024-09-17
2024-09-18,6269433.169,7109137.000,2024-09-18,839398.000,2024-09-18,305.831,2024-09-18
2024-09-19,6283575.223,7109137.000,2024-09-18,825250.000,2024-09-19,311.777,2024-09-19
2024-09-20,6304058.684,7109137.000,2024-09-18,804739.000,2024-09-20,339.316,2024-09-20
2024-09-23,6284430.628,7109137.000,2024-09-18,824326.000,2024-09-23,380.372,2024-09-23
2024-09-24,6304052.023,7109137.000,2024-09-18,804696.000,2024-09-24,388.977,2024-09-24
2024-09-25,6300732.807,7080059.000,2024-09-25,778910.000,2024-09-25,416.193,2024-09-25
2024-09-26,6332935.084,7080059.000,2024-09-25,746699.000,2024-09-26,424.916,2024-09-26
2024-09-27,6306918.482,7080059.000,2024-09-25,772704.000,2024-09-27,436.518,2024-09-27
2024-09-30,6193868.362,7080059.000,2024-09-25,885725.000,2024-09-30,465.638,2024-09-30
2024-10-01,6265689.779,7080059.000,2024-09-25,813994.000,2024-10-01,375.221,2024-10-01
2024-10-02,6223129.602,7046925.000,2024-10-02,823412.000,2024-10-02,383.398,2024-10-02
2024-10-03,6250635.752,7046925.000,2024-10-02,795948.000,2024-10-03,341.248,2024-10-03
2024-10-04,6246344.988,7046925.000,2024-10-02,800250.000,2024-10-04,330.012,2024-10-04
2024-10-07,6236085.052,7046925.000,2024-10-02,810517.000,2024-10-07,322.948,2024-10-07
2024-10-08,6226408.645,7046925.000,2024-10-02,820191.000,2024-10-08,325.355,2024-10-08
2024-10-09,6259101.552,7046840.000,2024-10-09,787395.000,2024-10-09,343.448,2024-10-09
2024-10-10,6263172.413,7046840.000,2024-10-09,783345.000,2024-10-10,322.587,2024-10-10
2024-10-11,6266809.265,7046840.000,2024-10-09,779699.000,2024-10-11,331.735,2024-10-11
2024-10-15,6220900.602,7046840.000,2024-10-09,825653.000,2024-10-15,286.398,2024-10-15
2024-10-16,6224260.972,7039284.000,2024-10-16,814751.000,2024-10-16,272.028,2024-10-16
2024-10-17,6210174.790,7039284.000,2024-10-16,828847.000,2024-10-17,262.210,2024-10-17
2024-10-18,6211226.108,7039284.000,2024-10-16,827798.000,2024-10-18,259.892,2024-10-18
2024-10-21,6197426.956,7039284.000,2024-10-16,841596.000,2024-10-21,261.044,2024-10-21
2024-10-22,6200356.240,7039284.000,2024-10-16,838690.000,2024-10-22,237.760,2024-10-22
2024-10-23,6211727.161,7029408.000,2024-10-23,817410.000,2024-10-23,270.839,2024-10-23
2024-10-24,6195071.202,7029408.000,2024-10-23,834134.000,2024-10-24,202.798,2024-10-24
2024-10-25,6201703.000,7029408.000,2024-10-23,827478.000,2024-10-25,227.000,2024-10-25
2024-10-28,6193262.968,7029408.000,2024-10-23,835894.000,2024-10-28,251.032,2024-10-28
2024-10-29,6182100.159,7029408.000,2024-10-23,847063.000,2024-10-29,244.841,2024-10-29
2024-10-30,6166124.054,7013490.000,2024-10-30,847137.000,2024-10-30,228.946,2024-10-30
2024-10-31,6092246.722,7013490.000,2024-10-30,921042.000,2024-10-31,201.278,2024-10-31
2024-11-01,6194105.524,7013490.000,2024-10-30,819229.000,2024-11-01,155.476,2024-11-01
2024-11-04,6176715.115,7013490.000,2024-10-30,836603.000,2024-11-04,171.885,2024-11-04
2024-11-05,6174545.757,7013490.000,2024-10-30,838800.000,2024-11-05,144.243,2024-11-05
2024-11-06,6153894.129,6994299.000,2024-11-06,840227.000,2024-11-06,177.871,2024-11-06
2024-11-07,6154176.998,6994299.000,2024-11-06,839963.000,2024-11-07,159.002,2024-11-07
2024-11-08,6162857.379,6994299.000,2024-11-06,831278.000,2024-11-08,163.621,2024-11-08
2024-11-12,6142749.186,6994299.000,2024-11-06,851371.000,2024-11-12,178.814,2024-11-12
2024-11-13,6158012.894,6967108.000,2024-11-13,808857.000,2024-11-13,238.106,2024-11-13
2024-11-14,6151200.491,6967108.000,2024-11-13,815693.000,2024-11-14,214.509,2024-11-14
2024-11-15,6236024.600,6967108.000,2024-11-13,730911.000,2024-11-15,172.400,2024-11-15
2024-11-18,6212774.970,6967108.000,2024-11-13,754133.000,2024-11-18,200.030,2024-11-18
2024-11-19,6204190.336,6967108.000,2024-11-13,762717.000,2024-11-19,200.664,2024-11-19
2024-11-20,6185679.207,6923731.000,2024-11-20,737834.000,2024-11-20,217.793,2024-11-20
2024-11-21,6143846.433,6923731.000,2024-11-20,779696.000,2024-11-21,188.567,2024-11-21
2024-11-22,6164863.746,6923731.000,2024-11-20,758663.000,2024-11-22,204.254,2024-11-22
2024-11-25,6146428.251,6923731.000,2024-11-20,777116.000,2024-11-25,186.749,2024-11-25
2024-11-26,6112340.177,6923731.000,2024-11-20,811242.000,2024-11-26,148.823,2024-11-26
2024-11-27,6122266.185,6905140.000,2024-11-27,782704.000,2024-11-27,169.815,2024-11-27
2024-11-29,6148064.373,6905140.000,2024-11-27,756878.000,2024-11-29,197.627,2024-11-29
2024-12-02,6062223.142,6905140.000,2024-11-27,842781.000,2024-12-02,135.858,2024-12-02
2024-12-03,6089496.428,6905140.000,2024-11-27,815482.000,2024-12-03,161.572,2024-12-03
2024-12-04,6080653.134,6895827.000,2024-12-04,815011.000,2024-12-04,162.866,2024-12-04
2024-12-05,6097041.036,6895827.000,2024-12-04,798654.000,2024-12-05,131.964,2024-12-05
2024-12-06,6106942.986,6895827.000,2024-12-04,788754.000,2024-12-06,130.014,2024-12-06
2024-12-09,6094783.971,6895827.000,2024-12-04,800890.000,2024-12-09,153.029,2024-12-09
2024-12-10,6147343.158,6895827.000,2024-12-04,748309.000,2024-12-10,174.842,2024-12-10
2024-12-11,6185950.880,6897485.000,2024-12-11,711354.000,2024-12-11,180.120,2024-12-11
2024-12-12,6193643.975,6897485.000,2024-12-11,703676.000,2024-12-12,165.025,2024-12-12
2024-12-13,6172024.223,6897485.000,2024-12-11,725325.000,2024-12-13,135.777,2024-12-13
2024-12-16,6036158.247,6897485.000,2024-12-11,861216.000,2024-12-16,110.753,2024-12-16
2024-12-17,6066685.907,6897485.000,2024-12-11,830681.000,2024-12-17,118.093,2024-12-17
2024-12-18,6085225.349,6889332.000,2024-12-18,803975.000,2024-12-18,131.651,2024-12-18
2024-12-19,6101237.583,6889332.000,2024-12-18,787982.000,2024-12-19,112.417,2024-12-19
2024-12-20,6121744.644,6889332.000,2024-12-18,767489.000,2024-12-20,98.356,2024-12-20
2024-12-23,6096351.996,6889332.000,2024-12-18,792864.000,2024-12-23,116.004,2024-12-23
2024-12-24,6154112.011,6889332.000,2024-12-18,735039.000,2024-12-24,180.989,2024-12-24
2024-12-25,6150743.011,6885963.000,2024-12-25,735039.000,2024-12-24,180.989,2024-12-24
2024-12-26,6197067.182,6885963.000,2024-12-25,688699.000,2024-12-26,196.818,2024-12-26
2024-12-27,6165293.261,6885963.000,2024-12-25,720401.000,2024-12-27,268.739,2024-12-27
2024-12-30,6140275.257,6885963.000,2024-12-25,745427.000,2024-12-30,260.743,2024-12-30
2024-12-31,6163597.540,6885963.000,2024-12-25,721892.000,2024-12-31,473.460,2024-12-31
2025-01-01,6130125.540,6852491.000,2025-01-01,721892.000,2024-12-31,473.460,2024-12-31
2025-01-02,6175206.142,6852491.000,2025-01-01,677045.000,2025-01-02,239.858,2025-01-02
2025-01-03,6201976.623,6852491.000,2025-01-01,650277.000,2025-01-03,237.377,2025-01-03
2025-01-06,6183702.074,6852491.000,2025-01-01,668557.000,2025-01-06,231.926,2025-01-06
2025-01-07,6200794.704,6852491.000,2025-01-01,651488.000,2025-01-07,208.296,2025-01-07
2025-01-08,6232837.856,6853554.000,2025-01-08,620531.000,2025-01-08,185.144,2025-01-08
2025-01-09,6229656.775,6853554.000,2025-01-08,623729.000,2025-01-09,168.225,2025-01-09
2025-01-10,6221791.200,6853554.000,2025-01-08,631584.000,2025-01-10,178.800,2025-01-10
2025-01-13,6206016.331,6853554.000,2025-01-08,647354.000,2025-01-13,183.669,2025-01-13
2025-01-14,6181842.781,6853554.000,2025-01-08,671551.000,2025-01-14,160.219,2025-01-14
2025-01-15,6182763.023,6834070.000,2025-01-15,651187.000,2025-01-15,119.977,2025-01-15
2025-01-16,6156787.511,6834070.000,2025-01-15,677188.000,2025-01-16,94.489,2025-01-16
2025-01-17,6160594.673,6834070.000,2025-01-15,673357.000,2025-01-17,118.327,2025-01-17
2025-01-21,6129099.985,6834070.000,2025-01-15,704874.000,2025-01-21,96.015,2025-01-21
2025-01-22,6166151.019,6831760.000,2025-01-22,665485.000,2025-01-22,123.981,2025-01-22
2025-01-23,6071584.969,6831760.000,2025-01-22,760043.000,2025-01-23,132.031,2025-01-23
2025-01-24,6062671.028,6831760.000,2025-01-22,768984.000,2025-01-24,104.972,2025-01-24
2025-01-27,6034209.137,6831760.000,2025-01-22,797458.000,2025-01-27,92.863,2025-01-27
2025-01-28,6018205.240,6831760.000,2025-01-22,813442.000,2025-01-28,112.760,2025-01-28
2025-01-29,6006515.158,6818186.000,2025-01-29,811549.000,2025-01-29,121.842,2025-01-29
2025-01-30,5992109.035,6818186.000,2025-01-29,825951.000,2025-01-30,125.965,2025-01-30
2025-01-31,6024973.087,6818186.000,2025-01-29,793025.000,2025-01-31,187.913,2025-01-31
2025-02-03,6018082.219,6818186.000,2025-01-29,800006.000,2025-02-03,97.781,2025-02-03
2025-02-04,6001934.346,6818186.000,2025-01-29,816166.000,2025-02-04,85.654,2025-02-04
2025-02-05,5992903.212,6810935.000,2025-02-05,817953.000,2025-02-05,78.788,2025-02-05
2025-02-06,5980532.017,6810935.000,2025-02-05,830323.000,2025-02-06,79.983,2025-02-06
2025-02-07,5985088.752,6810935.000,2025-02-05,825751.000,2025-02-07,95.248,2025-02-07
2025-02-10,5973030.347,6810935.000,2025-02-05,837805.000,2025-02-10,99.653,2025-02-10
2025-02-11,5968676.554,6810935.000,2025-02-05,842182.000,2025-02-11,76.446,2025-02-11
2025-02-12,6004291.330,6813513.000,2025-02-12,809154.000,2025-02-12,67.670,2025-02-12
2025-02-13,6004107.180,6813513.000,2025-02-12,809338.000,2025-02-13,67.820,2025-02-13
2025-02-14,6011370.230,6813513.000,2025-02-12,802084.000,2025-02-14,58.770,2025-02-14
2025-02-18,6039609.183,6813513.000,2025-02-12,773826.000,2025-02-18,77.817,2025-02-18
2025-02-19,6043320.804,6782332.000,2025-02-19,738938.000,2025-02-19,73.196,2025-02-19
2025-02-20,6054387.793,6782332.000,2025-02-19,727881.000,2025-02-20,63.207,2025-02-20
2025-02-21,6068621.017,6782332.000,2025-02-19,713642.000,2025-02-21,68.983,2025-02-21
2025-02-24,6075198.182,6782332.000,2025-02-19,707057.000,2025-02-24,76.818,2025-02-24
2025-02-25,6158525.000,6782332.000,2025-02-19,623711.000,2025-02-25,96.000,2025-02-25
2025-02-26,6197424.942,6766101.000,2025-02-26,568550.000,2025-02-26,126.058,2025-02-26
2025-02-27,6228624.852,6766101.000,2025-02-26,537294.000,2025-02-27,182.148,2025-02-27
2025-02-28,6206284.578,6766101.000,2025-02-26,559582.000,2025-02-28,234.422,2025-02-28
2025-03-03,6199271.013,6766101.000,2025-02-26,566710.000,2025-03-03,119.987,2025-03-03
2025-03-04,6233214.743,6766101.000,2025-02-26,532751.000,2025-03-04,135.257,2025-03-04
2025-03-05,6233806.507,6756764.000,2025-03-05,522818.000,2025-03-05,139.493,2025-03-05
2025-03-06,6227146.731,6756764.000,2025-03-05,529488.000,2025-03-06,129.269,2025-03-06
2025-03-07,6235166.695,6756764.000,2025-03-05,521461.000,2025-03-07,136.305,2025-03-07
2025-03-10,6214046.946,6756764.000,2025-03-05,542588.000,2025-03-10,129.054,2025-03-10
2025-03-11,6255729.690,6756764.000,2025-03-05,500897.000,2025-03-11,137.310,2025-03-11
2025-03-12,6308726.945,6759571.000,2025-03-12,450713.000,2025-03-12,131.055,2025-03-12
2025-03-13,6347034.565,6759571.000,2025-03-12,412423.000,2025-03-13,113.435,2025-03-13
2025-03-14,6345303.766,6759571.000,2025-03-12,414141.000,2025-03-14,126.234,2025-03-14
2025-03-17,6228729.504,6759571.000,2025-03-12,530752.000,2025-03-17,89.496,2025-03-17
2025-03-18,6309268.497,6759571.000,2025-03-12,450153.000,2025-03-18,149.503,2025-03-18
2025-03-19,6339989.622,6755982.000,2025-03-19,415799.000,2025-03-19,193.378,2025-03-19
2025-03-20,6372543.360,6755982.000,2025-03-19,383246.000,2025-03-20,192.640,2025-03-20
2025-03-21,6393836.150,6755982.000,2025-03-19,361945.000,2025-03-21,200.850,2025-03-21
2025-03-24,6370099.435,6755982.000,2025-03-19,385686.000,2025-03-24,196.565,2025-03-24
2025-03-25,6405269.214,6755982.000,2025-03-19,350498.000,2025-03-25,214.786,2025-03-25
2025-03-26,6424041.629,6740253.000,2025-03-26,315970.000,2025-03-26,241.371,2025-03-26
2025-03-27,6459311.215,6740253.000,2025-03-26,280650.000,2025-03-27,291.785,2025-03-27
2025-03-28,6438177.425,6740253.000,2025-03-26,301789.000,2025-03-28,286.575,2025-03-28
2025-03-31,6334067.833,6740253.000,2025-03-26,405786.000,2025-03-31,399.167,2025-03-31
2025-04-01,6440164.937,6740253.000,2025-03-26,299858.000,2025-04-01,230.063,2025-04-01
2025-04-02,6421594.512,6723452.000,2025-04-02,301624.000,2025-04-02,233.488,2025-04-02
2025-04-03,6426895.735,6723452.000,2025-04-02,296360.000,2025-04-03,196.265,2025-04-03
2025-04-04,6431876.501,6723452.000,2025-04-02,291391.000,2025-04-04,184.499,2025-04-04
2025-04-07,6413314.854,6723452.000,2025-04-02,309989.000,2025-04-07,148.146,2025-04-07
2025-04-08,6376660.089,6723452.000,2025-04-02,346635.000,2025-04-08,156.911,2025-04-08
2025-04-09,6412058.885,6727416.000,2025-04-09,315189.000,2025-04-09,168.115,2025-04-09
2025-04-10,6412819.050,6727416.000,2025-04-09,314467.000,2025-04-10,129.950,2025-04-10
2025-04-11,6396814.469,6727416.000,2025-04-09,330503.000,2025-04-11,98.531,2025-04-11
2025-04-14,6311643.162,6727416.000,2025-04-09,415670.000,2025-04-14,102.838,2025-04-14
2025-04-15,6126872.122,6727416.000,2025-04-09,600455.000,2025-04-15,88.878,2025-04-15
2025-04-16,6088275.228,6727113.000,2025-04-16,638783.000,2025-04-16,54.772,2025-04-16
2025-04-17,6127061.400,6727113.000,2025-04-16,599993.000,2025-04-17,58.600,2025-04-17
2025-04-18,6114673.400,6727113.000,2025-04-16,612381.000,2025-04-18,58.600,2025-04-17
2025-04-21,6100554.886,6727113.000,2025-04-16,626444.000,2025-04-21,114.114,2025-04-21
2025-04-22,6120291.049,6727113.000,2025-04-16,606684.000,2025-04-22,137.951,2025-04-22
2025-04-23,6150599.220,6726930.000,2025-04-23,576159.000,2025-04-23,171.780,2025-04-23
2025-04-24,6164040.996,6726930.000,2025-04-23,562759.000,2025-04-24,130.004,2025-04-24
2025-04-25,6155144.979,6726930.000,2025-04-23,571691.000,2025-04-25,94.021,2025-04-25
2025-04-28,6128783.351,6726930.000,2025-04-23,597998.000,2025-04-28,148.649,2025-04-28
2025-04-29,6110067.463,6726930.000,2025-04-23,616705.000,2025-04-29,157.537,2025-04-29
2025-04-30,6031369.399,6709277.000,2025-04-30,677657.000,2025-04-30,250.601,2025-04-30
2025-05-01,6116031.647,6709277.000,2025-04-30,593088.000,2025-05-01,157.353,2025-05-01
2025-05-02,6134784.118,6709277.000,2025-04-30,574345.000,2025-05-02,147.882,2025-05-02
2025-05-05,6118801.310,6709277.000,2025-04-30,590351.000,2025-05-05,124.690,2025-05-05
2025-05-06,6125394.142,6709277.000,2025-04-30,583753.000,2025-05-06,129.858,2025-05-06
2025-05-07,6114874.141,6710889.000,2025-05-07,595860.000,2025-05-07,154.859,2025-05-07
2025-05-08,6134521.232,6710889.000,2025-05-07,576228.000,2025-05-08,139.768,2025-05-08
2025-05-09,6138000.728,6710889.000,2025-05-07,572746.000,2025-05-09,142.272,2025-05-09
2025-05-12,6127372.495,6710889.000,2025-05-07,583369.000,2025-05-12,147.505,2025-05-12
2025-05-13,6120092.786,6710889.000,2025-05-07,590652.000,2025-05-13,144.214,2025-05-13
2025-05-14,6150671.976,6713270.000,2025-05-14,562433.000,2025-05-14,165.024,2025-05-14
2025-05-15,6216511.564,6713270.000,2025-05-14,496649.000,2025-05-15,109.436,2025-05-15
2025-05-16,6208427.201,6713270.000,2025-05-14,504706.000,2025-05-16,136.799,2025-05-16
2025-05-19,6189882.583,6713270.000,2025-05-14,523207.000,2025-05-19,180.417,2025-05-19
2025-05-20,6201607.967,6713270.000,2025-05-14,511526.000,2025-05-20,136.033,2025-05-20
2025-05-21,6212677.198,6688726.000,2025-05-21,475886.000,2025-05-21,162.802,2025-05-21
2025-05-22,6214804.982,6688726.000,2025-05-21,473748.000,2025-05-22,173.018,2025-05-22
2025-05-23,6217928.159,6688726.000,2025-05-21,470643.000,2025-05-23,154.841,2025-05-23
2025-05-27,6211106.934,6688726.000,2025-05-21,477481.000,2025-05-27,138.066,2025-05-27
2025-05-28,6236443.359,6673244.000,2025-05-28,436627.000,2025-05-28,173.641,2025-05-28
2025-05-29,6273234.340,6673244.000,2025-05-28,399844.000,2025-05-29,165.660,2025-05-29
2025-05-30,6321485.343,6673244.000,2025-05-28,351443.000,2025-05-30,315.657,2025-05-30
2025-06-02,6233746.159,6673244.000,2025-05-28,439362.000,2025-06-02,135.841,2025-06-02
2025-06-03,6290153.823,6673244.000,2025-05-28,382937.000,2025-06-03,153.177,2025-06-03
2025-06-04,6296556.118,6672885.000,2025-06-04,376160.000,2025-06-04,168.882,2025-06-04
2025-06-05,6321889.273,6672885.000,2025-06-04,350843.000,2025-06-05,152.727,2025-06-05
2025-06-06,6327977.716,6672885.000,2025-06-04,344758.000,2025-06-06,149.284,2025-06-06
2025-06-09,6313909.685,6672885.000,2025-06-04,358796.000,2025-06-09,179.315,2025-06-09
2025-06-10,6363293.275,6672885.000,2025-06-04,309409.000,2025-06-10,182.725,2025-06-10
2025-06-11,6399925.375,6677155.000,2025-06-11,277025.000,2025-06-11,204.625,2025-06-11
2025-06-12,6416166.583,6677155.000,2025-06-11,260807.000,2025-06-12,181.417,2025-06-12
2025-06-13,6388908.355,6677155.000,2025-06-11,288078.000,2025-06-13,168.645,2025-06-13
2025-06-16,6230712.241,6677155.000,2025-06-11,446302.000,2025-06-16,140.759,2025-06-16
2025-06-17,6267847.061,6677155.000,2025-06-11,409139.000,2025-06-17,168.939,2025-06-17
2025-06-18,6296999.950,6681056.000,2025-06-18,383851.000,2025-06-18,205.050,2025-06-18
2025-06-20,6314397.717,6681056.000,2025-06-18,366520.000,2025-06-20,138.283,2025-06-20
2025-06-23,6306322.681,6681056.000,2025-06-18,374568.000,2025-06-23,165.319,2025-06-23
2025-06-24,6322797.633,6681056.000,2025-06-18,358071.000,2025-06-24,187.367,2025-06-24
2025-06-25,6327410.121,6662200.000,2025-06-25,334579.000,2025-06-25,210.879,2025-06-25
2025-06-26,6357106.568,6662200.000,2025-06-25,304841.000,2025-06-26,252.432,2025-06-26
2025-06-27,6323566.258,6662200.000,2025-06-25,338348.000,2025-06-27,285.742,2025-06-27
2025-06-30,6204759.269,6662200.000,2025-06-25,456980.000,2025-06-30,460.731,2025-06-30
2025-07-01,6294442.470,6662200.000,2025-06-25,367512.000,2025-07-01,245.530,2025-07-01
2025-07-02,6287128.693,6659598.000,2025-07-02,372232.000,2025-07-02,237.307,2025-07-02
2025-07-03,6346221.335,6659598.000,2025-07-02,313162.000,2025-07-03,214.665,2025-07-03
2025-07-07,6326897.970,6659598.000,2025-07-02,332482.000,2025-07-07,218.030,2025-07-07
2025-07-08,6316331.585,6659598.000,2025-07-02,343047.000,2025-07-08,219.415,2025-07-08
2025-07-09,6350636.727,6661912.000,2025-07-09,311048.000,2025-07-09,227.273,2025-07-09
2025-07-10,6373333.661,6661912.000,2025-07-09,288395.000,2025-07-10,183.339,2025-07-10
2025-07-11,6379367.363,6661912.000,2025-07-09,282363.000,2025-07-11,181.637,2025-07-11
2025-07-14,6363470.159,6661912.000,2025-07-09,298224.000,2025-07-14,217.841,2025-07-14
2025-07-15,6333776.723,6661912.000,2025-07-09,327937.000,2025-07-15,198.277,2025-07-15
2025-07-16,6346990.914,6659273.000,2025-07-16,312085.000,2025-07-16,197.086,2025-07-16
2025-07-17,6342053.340,6659273.000,2025-07-16,317026.000,2025-07-17,193.660,2025-07-17
2025-07-18,6343415.702,6659273.000,2025-07-16,315658.000,2025-07-18,199.298,2025-07-18
2025-07-21,6339700.334,6659273.000,2025-07-16,319359.000,2025-07-21,213.666,2025-07-21
2025-07-22,6313741.626,6659273.000,2025-07-16,345335.000,2025-07-22,196.374,2025-07-22
2025-07-23,6323987.368,6657715.000,2025-07-23,333538.000,2025-07-23,189.632,2025-07-23
2025-07-24,6308174.814,6657715.000,2025-07-23,349408.000,2025-07-24,132.186,2025-07-24
2025-07-25,6309466.491,6657715.000,2025-07-23,348098.000,2025-07-25,150.509,2025-07-25
2025-07-28,6294974.537,6657715.000,2025-07-23,362570.000,2025-07-28,170.463,2025-07-28
2025-07-29,6239709.982,6657715.000,2025-07-23,417834.000,2025-07-29,171.018,2025-07-29
2025-07-30,6222976.519,6642578.000,2025-07-30,419446.000,2025-07-30,155.481,2025-07-30
2025-07-31,6144767.555,6642578.000,2025-07-30,497596.000,2025-07-31,214.445,2025-07-31
2025-08-01,6264700.574,6642578.000,2025-07-30,377780.000,2025-08-01,97.426,2025-08-01
2025-08-04,6249642.270,6642578.000,2025-07-30,392810.000,2025-08-04,125.730,2025-08-04
2025-08-05,6183253.644,6642578.000,2025-07-30,459240.000,2025-08-05,84.356,2025-08-05
2025-08-06,6176436.034,6640843.000,2025-08-06,464315.000,2025-08-06,91.966,2025-08-06
2025-08-07,6149074.039,6640843.000,2025-08-06,491691.000,2025-08-07,77.961,2025-08-07
2025-08-08,6149699.697,6640843.000,2025-08-06,491063.000,2025-08-08,80.303,2025-08-08
2025-08-11,6136480.786,6640843.000,2025-08-06,504280.000,2025-08-11,82.214,2025-08-11
2025-08-12,6095286.508,6640843.000,2025-08-06,545499.000,2025-08-12,57.492,2025-08-12
2025-08-13,6128088.798,6643615.000,2025-08-13,515469.000,2025-08-13,57.202,2025-08-13
2025-08-14,6094506.182,6643615.000,2025-08-13,549080.000,2025-08-14,28.818,2025-08-14
2025-08-15,6150474.243,6643615.000,2025-08-13,493107.000,2025-08-15,33.757,2025-08-15
2025-08-18,6124086.760,6643615.000,2025-08-13,519490.000,2025-08-18,38.240,2025-08-18
2025-08-19,6080808.656,6643615.000,2025-08-13,562784.000,2025-08-19,22.344,2025-08-19
2025-08-20,6092317.001,6618415.000,2025-08-20,526063.000,2025-08-20,34.999,2025-08-20
2025-08-21,6057140.642,6618415.000,2025-08-20,561249.000,2025-08-21,25.358,2025-08-21
2025-08-22,6036869.725,6618415.000,2025-08-20,581509.000,2025-08-22,36.275,2025-08-22
2025-08-25,6022848.433,6618415.000,2025-08-20,595519.000,2025-08-25,47.567,2025-08-25
2025-08-26,5985492.426,6618415.000,2025-08-20,632894.000,2025-08-26,28.574,2025-08-26
2025-08-27,6007551.256,6603384.000,2025-08-27,595798.000,2025-08-27,34.744,2025-08-27
2025-08-28,5993692.034,6603384.000,2025-08-27,609660.000,2025-08-28,31.966,2025-08-28
2025-08-29,6048082.102,6603384.000,2025-08-27,555224.000,2025-08-29,77.898,2025-08-29
2025-09-02,5913268.934,6603384.000,2025-08-27,690094.000,2025-09-02,21.066,2025-09-02
2025-09-03,5940114.077,6602071.000,2025-09-03,661939.000,2025-09-03,17.923,2025-09-03
2025-09-04,5932778.872,6602071.000,2025-09-03,669272.000,2025-09-04,20.128,2025-09-04
2025-09-05,5935913.003,6602071.000,2025-09-03,666137.000,2025-09-05,20.997,2025-09-05
2025-09-08,5921682.584,6602071.000,2025-09-03,680369.000,2025-09-08,19.416,2025-09-08
2025-09-09,5911767.085,6602071.000,2025-09-03,690281.000,2025-09-09,22.915,2025-09-09
2025-09-10,5938347.600,6605962.000,2025-09-10,667585.000,2025-09-10,29.400,2025-09-10
2025-09-11,5923203.103,6605962.000,2025-09-10,682732.000,2025-09-11,26.897,2025-09-11
2025-09-12,5898174.669,6605962.000,2025-09-10,707770.000,2025-09-12,17.331,2025-09-12
2025-09-15,5748236.046,6605962.000,2025-09-10,857709.000,2025-09-15,16.954,2025-09-15
2025-09-16,5782202.183,6605962.000,2025-09-10,823741.000,2025-09-16,18.817,2025-09-16
2025-09-17,5801441.037,6608597.000,2025-09-17,807142.000,2025-09-17,13.963,2025-09-17
2025-09-18,5792132.293,6608597.000,2025-09-17,816451.000,2025-09-18,13.707,2025-09-18
2025-09-19,5790055.637,6608597.000,2025-09-17,818530.000,2025-09-19,11.363,2025-09-19
2025-09-22,5786111.827,6608597.000,2025-09-17,822471.000,2025-09-22,14.173,2025-09-22
2025-09-23,5827070.598,6608597.000,2025-09-17,781512.000,2025-09-23,14.402,2025-09-23
2025-09-24,5850395.828,6608395.000,2025-09-24,757970.000,2025-09-24,29.172,2025-09-24
2025-09-25,5847282.631,6608395.000,2025-09-24,761087.000,2025-09-25,25.369,2025-09-25
2025-09-26,5822009.927,6608395.000,2025-09-24,786337.000,2025-09-26,48.073,2025-09-26
2025-09-29,5802664.780,6608395.000,2025-09-24,805674.000,2025-09-29,56.220,2025-09-29
2025-09-30,5717520.929,6608395.000,2025-09-24,890825.000,2025-09-30,49.071,2025-09-30
2025-10-01,5767730.821,6587119.000,2025-10-01,819378.000,2025-10-01,10.179,2025-10-01
2025-10-02,5763265.564,6587119.000,2025-10-01,823845.000,2025-10-02,8.436,2025-10-02
2025-10-03,5788726.608,6587119.000,2025-10-01,798367.000,2025-10-03,25.392,2025-10-03
2025-10-06,5771835.224,6587119.000,2025-10-01,815262.000,2025-10-06,21.776,2025-10-06
2025-10-07,5763378.378,6587119.000,2025-10-01,823736.000,2025-10-07,4.622,2025-10-07
2025-10-08,5796755.769,6590815.000,2025-10-08,794054.000,2025-10-08,5.231,2025-10-08
2025-10-09,5794787.504,6590815.000,2025-10-08,796023.000,2025-10-09,4.496,2025-10-09
2025-10-10,5796358.876,6590815.000,2025-10-08,794452.000,2025-10-10,4.124,2025-10-10
2025-10-14,5749445.484,6590815.000,2025-10-08,841366.000,2025-10-14,3.516,2025-10-14
2025-10-15,5744496.516,6596454.000,2025-10-15,851952.000,2025-10-15,5.484,2025-10-15
2025-10-16,5696765.040,6596454.000,2025-10-15,899682.000,2025-10-16,6.960,2025-10-16
2025-10-17,5691056.898,6596454.000,2025-10-15,905393.000,2025-10-17,4.102,2025-10-17
2025-10-20,5690694.069,6596454.000,2025-10-15,905754.000,2025-10-20,5.931,2025-10-20
2025-10-21,5667134.301,6596454.000,2025-10-15,929315.000,2025-10-21,4.699,2025-10-21
2025-10-22,5684454.995,6589533.000,2025-10-22,905074.000,2025-10-22,4.005,2025-10-22
2025-10-23,5644561.059,6589533.000,2025-10-22,944965.000,2025-10-23,6.941,2025-10-23
2025-10-24,5647035.565,6589533.000,2025-10-22,942495.000,2025-10-24,2.435,2025-10-24
2025-10-27,5624760.358,6589533.000,2025-10-22,964762.000,2025-10-27,10.642,2025-10-27
2025-10-28,5604661.904,6589533.000,2025-10-22,984857.000,2025-10-28,14.096,2025-10-28
2025-10-29,5603155.496,6587034.000,2025-10-29,983859.000,2025-10-29,19.504,2025-10-29
2025-10-30,5586382.834,6587034.000,2025-10-29,1000632.000,2025-10-30,19.166,2025-10-30
2025-10-31,5660654.198,6587034.000,2025-10-29,926328.000,2025-10-31,51.802,2025-10-31
2025-11-03,5662053.208,6587034.000,2025-10-29,924957.000,2025-11-03,23.792,2025-11-03
2025-11-04,5647433.017,6587034.000,2025-10-29,939584.000,2025-11-04,16.983,2025-11-04
2025-11-05,5630019.186,6572732.000,2025-11-05,942700.000,2025-11-05,12.814,2025-11-05
2025-11-06,5619166.246,6572732.000,2025-11-05,953555.000,2025-11-06,10.754,2025-11-06
2025-11-07,5622923.097,6572732.000,2025-11-05,949804.000,2025-11-07,4.903,2025-11-07
2025-11-10,5607423.848,6572732.000,2025-11-05,965301.000,2025-11-10,7.152,2025-11-10
2025-11-12,5637311.114,6580462.000,2025-11-12,943145.000,2025-11-12,5.886,2025-11-12
2025-11-13,5618529.239,6580462.000,2025-11-12,961929.000,2025-11-13,3.761,2025-11-13
2025-11-14,5621347.441,6580462.000,2025-11-12,959113.000,2025-11-14,1.559,2025-11-14
2025-11-17,5655497.828,6580462.000,2025-11-12,924961.000,2025-11-17,3.172,2025-11-17
2025-11-18,5652039.095,6580462.000,2025-11-12,928422.000,2025-11-18,0.905,2025-11-18
2025-11-19,5654449.871,6555283.000,2025-11-19,900832.000,2025-11-19,1.129,2025-11-19
2025-11-20,5645701.480,6555283.000,2025-11-19,909575.000,2025-11-20,6.520,2025-11-20
2025-11-21,5663206.497,6555283.000,2025-11-19,892074.000,2025-11-21,2.503,2025-11-21
2025-11-24,5648734.923,6555283.000,2025-11-19,906547.000,2025-11-24,1.077,2025-11-24
2025-11-25,5623544.686,6555283.000,2025-11-19,931736.000,2025-11-25,2.314,2025-11-25
2025-11-26,5652738.783,6552419.000,2025-11-26,899678.000,2025-11-26,2.217,2025-11-26
2025-11-28,5596397.439,6552419.000,2025-11-26,956014.000,2025-11-28,7.561,2025-11-28
2025-12-01,5604336.760,6552419.000,2025-11-26,948079.000,2025-12-01,3.240,2025-12-01
2025-12-02,5616566.380,6552419.000,2025-11-26,935847.000,2025-12-02,5.620,2025-12-02
2025-12-03,5627255.486,6535781.000,2025-12-03,908523.000,2025-12-03,2.514,2025-12-03
2025-12-04,5657112.767,6535781.000,2025-12-03,878666.000,2025-12-04,2.233,2025-12-04
2025-12-05,5665547.515,6535781.000,2025-12-03,870232.000,2025-12-05,1.485,2025-12-05
2025-12-08,5655654.297,6535781.000,2025-12-03,880125.000,2025-12-08,1.703,2025-12-08
2025-12-09,5698471.789,6535781.000,2025-12-03,837306.000,2025-12-09,3.211,2025-12-09
2025-12-10,5733470.955,6539303.000,2025-12-10,805827.000,2025-12-10,5.045,2025-12-10
2025-12-11,5746633.126,6539303.000,2025-12-10,792667.000,2025-12-11,2.874,2025-12-11
2025-12-12,5746837.162,6539303.000,2025-12-10,792465.000,2025-12-12,0.838,2025-12-12
2025-12-15,5626306.399,6539303.000,2025-12-10,912994.000,2025-12-15,2.601,2025-12-15
2025-12-16,5652121.446,6539303.000,2025-12-10,887180.000,2025-12-16,1.554,2025-12-16
2025-12-17,5695433.639,6556861.000,2025-12-17,861417.000,2025-12-17,10.361,2025-12-17
2025-12-18,5714427.292,6556861.000,2025-12-17,842422.000,2025-12-18,11.708,2025-12-18
2025-12-19,5717058.953,6556861.000,2025-12-17,839799.000,2025-12-19,3.047,2025-12-19
2025-12-22,5684811.477,6556861.000,2025-12-17,872048.000,2025-12-22,1.523,2025-12-22
2025-12-23,5732416.107,6556861.000,2025-12-17,824439.000,2025-12-23,5.893,2025-12-23
2025-12-24,5779689.197,6581231.000,2025-12-24,801537.000,2025-12-24,4.803,2025-12-24
2025-12-26,5747426.661,6581231.000,2025-12-24,833784.000,2025-12-26,20.339,2025-12-26
2025-12-29,5722227.449,6581231.000,2025-12-24,858993.000,2025-12-29,10.551,2025-12-29
2025-12-30,5754812.395,6581231.000,2025-12-24,826406.000,2025-12-30,12.605,2025-12-30
2025-12-31,5767659.007,6640618.000,2025-12-31,872853.000,2025-12-31,105.993,2025-12-31
2026-01-02,5859408.333,6640618.000,2025-12-31,781204.000,2026-01-02,5.667,2026-01-02
2026-01-05,5839549.515,6640618.000,2025-12-31,801062.000,2026-01-05,6.485,2026-01-05
2026-01-06,5868679.418,6640618.000,2025-12-31,771936.000,2026-01-06,2.582,2026-01-06
2026-01-07,5790026.418,6573602.000,2026-01-07,783571.000,2026-01-07,4.582,2026-01-07
2026-01-08,5799889.917,6573602.000,2026-01-07,773709.000,2026-01-08,3.083,2026-01-08
2026-01-09,5798484.720,6573602.000,2026-01-07,775114.000,2026-01-09,3.280,2026-01-09
2026-01-12,5776276.598,6573602.000,2026-01-07,797322.000,2026-01-12,3.402,2026-01-12
2026-01-13,5792808.723,6573602.000,2026-01-07,780790.000,2026-01-13,3.277,2026-01-13
2026-01-14,5804635.777,6581700.000,2026-01-14,777061.000,2026-01-14,3.223,2026-01-14
2026-01-15,5740814.997,6581700.000,2026-01-14,840883.000,2026-01-15,2.003,2026-01-15
2026-01-16,5713472.778,6581700.000,2026-01-14,868226.000,2026-01-16,1.222,2026-01-16
2026-01-20,5681827.494,6581700.000,2026-01-14,899869.000,2026-01-20,3.506,2026-01-20
2026-01-21,5713407.656,6584580.000,2026-01-21,871169.000,2026-01-21,3.344,2026-01-21
2026-01-22,5696127.942,6584580.000,2026-01-21,888450.000,2026-01-22,2.058,2026-01-22
2026-01-23,5684037.073,6584580.000,2026-01-21,900542.000,2026-01-23,0.927,2026-01-23
2026-01-26,5640913.511,6584580.000,2026-01-21,943665.000,2026-01-26,1.489,2026-01-26
2026-01-27,5609730.747,6584580.000,2026-01-21,974848.000,2026-01-27,1.253,2026-01-27
2026-01-28,5634861.897,6587568.000,2026-01-28,952705.000,2026-01-28,1.103,2026-01-28
2026-01-29,5619499.148,6587568.000,2026-01-28,968066.000,2026-01-29,2.852,2026-01-29
2026-01-30,5694313.371,6587568.000,2026-01-28,893245.000,2026-01-30,9.629,2026-01-30
2026-02-02,5689574.585,6587568.000,2026-01-28,897983.000,2026-02-02,10.415,2026-02-02
2026-02-03,5679674.215,6587568.000,2026-01-28,907892.000,2026-02-03,1.785,2026-02-03
2026-02-04,5698169.586,6605909.000,2026-02-04,907737.000,2026-02-04,2.414,2026-02-04
2026-02-05,5691344.252,6605909.000,2026-02-04,914563.000,2026-02-05,1.748,2026-02-05
2026-02-06,5700623.889,6605909.000,2026-02-04,905282.000,2026-02-06,3.111,2026-02-06
2026-02-09,5688339.694,6605909.000,2026-02-04,917568.000,2026-02-09,1.306,2026-02-09
2026-02-10,5657273.553,6605909.000,2026-02-04,948634.000,2026-02-10,1.447,2026-02-10
2026-02-11,5711847.952,6622382.000,2026-02-11,910533.000,2026-02-11,1.048,2026-02-11
2026-02-12,5701380.156,6622382.000,2026-02-11,920999.000,2026-02-12,2.844,2026-02-12
2026-02-13,5708736.623,6622382.000,2026-02-11,913645.000,2026-02-13,0.377,2026-02-13
2026-02-17,5697722.559,6622382.000,2026-02-11,924659.000,2026-02-17,0.441,2026-02-17
2026-02-18,5724540.144,6613395.000,2026-02-18,888854.000,2026-02-18,0.856,2026-02-18
2026-02-19,5708536.368,6613395.000,2026-02-18,904858.000,2026-02-19,0.632,2026-02-19
2026-02-20,5720024.504,6613395.000,2026-02-18,893370.000,2026-02-20,0.496,2026-02-20
2026-02-23,5725229.123,6613395.000,2026-02-18,888165.000,2026-02-23,0.877,2026-02-23
2026-02-24,5712221.083,6613395.000,2026-02-18,901173.000,2026-02-24,0.917,2026-02-24
2026-02-25,5774820.841,6613797.000,2026-02-25,838975.000,2026-02-25,1.159,2026-02-25
2026-02-26,5764344.204,6613797.000,2026-02-25,849449.000,2026-02-26,3.796,2026-02-26
2026-02-27,5814837.682,6613797.000,2026-02-25,798943.000,2026-02-27,16.318,2026-02-27
2026-03-02,5742419.373,6613797.000,2026-02-25,871377.000,2026-03-02,0.627,2026-03-02
2026-03-03,5754057.797,6613797.000,2026-02-25,859738.000,2026-03-03,1.203,2026-03-03
2026-03-04,5781914.123,6628894.000,2026-03-04,846979.000,2026-03-04,0.877,2026-03-04
2026-03-05,5788041.207,6628894.000,2026-03-04,840850.000,2026-03-05,2.793,2026-03-05
2026-03-06,5795806.488,6628894.000,2026-03-04,833086.000,2026-03-06,1.512,2026-03-06
2026-03-09,5770345.668,6628894.000,2026-03-04,858548.000,2026-03-09,0.332,2026-03-09
2026-03-10,5766052.722,6628894.000,2026-03-04,862841.000,2026-03-10,0.278,2026-03-10
2026-03-11,5840537.448,6646344.000,2026-03-11,805806.000,2026-03-11,0.552,2026-03-11
2026-03-12,5837059.863,6646344.000,2026-03-11,809284.000,2026-03-12,0.137,2026-03-12
2026-03-13,5840008.573,6646344.000,2026-03-11,806335.000,2026-03-13,0.427,2026-03-13
2026-03-16,5708766.418,6646344.000,2026-03-11,937577.000,2026-03-16,0.582,2026-03-16
2026-03-17,5716675.203,6646344.000,2026-03-11,929668.000,2026-03-17,0.797,2026-03-17
2026-03-18,5780105.302,6655939.000,2026-03-18,875833.000,2026-03-18,0.698,2026-03-18
2026-03-19,5773116.363,6655939.000,2026-03-18,882822.000,2026-03-19,0.637,2026-03-19
2026-03-20,5785074.178,6655939.000,2026-03-18,870864.000,2026-03-20,0.822,2026-03-20
2026-03-23,5746429.143,6655939.000,2026-03-18,909509.000,2026-03-23,0.857,2026-03-23
2026-03-24,5779731.877,6655939.000,2026-03-18,876206.000,2026-03-24,1.123,2026-03-24
2026-03-25,5819748.223,6657161.000,2026-03-25,837412.000,2026-03-25,0.777,2026-03-25
2026-03-26,5834129.115,6657161.000,2026-03-25,823031.000,2026-03-26,0.885,2026-03-26
2026-03-27,5808505.008,6657161.000,2026-03-25,848655.000,2026-03-27,0.992,2026-03-27
2026-03-30,5788682.248,6657161.000,2026-03-25,868478.000,2026-03-30,0.752,2026-03-30
2026-03-31,5764145.218,6657161.000,2026-03-25,893000.000,2026-03-31,15.782,2026-03-31
2026-04-01,5871788.893,6675344.000,2026-04-01,803553.000,2026-04-01,2.107,2026-04-01
2026-04-02,5899267.673,6675344.000,2026-04-01,776076.000,2026-04-02,0.327,2026-04-02
2026-04-03,5921405.673,6675344.000,2026-04-01,753938.000,2026-04-03,0.327,2026-04-02
2026-04-06,5899910.773,6675344.000,2026-04-01,775433.000,2026-04-06,0.227,2026-04-06
2026-04-07,5947101.655,6675344.000,2026-04-01,728227.000,2026-04-07,15.345,2026-04-07
2026-04-08,5996791.823,6693871.000,2026-04-08,697079.000,2026-04-08,0.177,2026-04-08
2026-04-09,6006901.598,6693871.000,2026-04-08,686969.000,2026-04-09,0.402,2026-04-09
2026-04-10,5990652.493,6693871.000,2026-04-08,703218.000,2026-04-10,0.507,2026-04-10
2026-04-13,5934960.773,6693871.000,2026-04-08,758910.000,2026-04-13,0.227,2026-04-13
2026-04-14,5914364.694,6693871.000,2026-04-08,779506.000,2026-04-14,0.306,2026-04-14
2026-04-15,5781260.777,6705696.000,2026-04-15,924435.000,2026-04-15,0.223,2026-04-15
2026-04-16,5734540.842,6705696.000,2026-04-15,971155.000,2026-04-16,0.158,2026-04-16
2026-04-17,5707059.863,6705696.000,2026-04-15,998636.000,2026-04-17,0.137,2026-04-17
2026-04-20,5667660.497,6705696.000,2026-04-15,1038035.000,2026-04-20,0.503,2026-04-20
2026-04-21,5676185.193,6705696.000,2026-04-15,1029510.000,2026-04-21,0.807,2026-04-21
2026-04-22,5700246.462,6707419.000,2026-04-22,1007172.000,2026-04-22,0.538,2026-04-22
2026-04-23,5737574.886,6707419.000,2026-04-22,969844.000,2026-04-23,0.114,2026-04-23
2026-04-24,5733167.918,6707419.000,2026-04-22,974251.000,2026-04-24,0.082,2026-04-24
2026-04-27,5705036.637,6707419.000,2026-04-22,1002382.000,2026-04-27,0.363,2026-04-27
2026-04-28,5716996.357,6707419.000,2026-04-22,990422.000,2026-04-28,0.643,2026-04-28
2026-04-29,5711847.253,6699950.000,2026-04-29,988102.000,2026-04-29,0.747,2026-04-29
2026-04-30,5730558.739,6699950.000,2026-04-29,969383.000,2026-04-30,8.261,2026-04-30
2026-05-01,5842638.393,6699950.000,2026-04-29,857311.000,2026-05-01,0.607,2026-05-01
2026-05-04,5819981.382,6699950.000,2026-04-29,879968.000,2026-05-04,0.618,2026-05-04
2026-05-05,5839661.878,6699950.000,2026-04-29,860287.000,2026-05-05,1.122,2026-05-05
2026-05-06,5846746.367,6709505.000,2026-05-06,862757.000,2026-05-06,1.633,2026-05-06
2026-05-07,5862942.227,6709505.000,2026-05-06,846562.000,2026-05-07,0.773,2026-05-07
2026-05-08,5870343.213,6709505.000,2026-05-06,839161.000,2026-05-08,0.787,2026-05-08
2026-05-11,5854914.867,6709505.000,2026-05-06,854589.000,2026-05-11,1.133,2026-05-11
2026-05-12,5865467.801,6709505.000,2026-05-06,844036.000,2026-05-12,1.199,2026-05-12
2026-05-13,5921078.281,6728502.000,2026-05-13,807420.000,2026-05-13,3.719,2026-05-13
2026-05-14,5926087.966,6728502.000,2026-05-13,802412.000,2026-05-14,2.034,2026-05-14
2026-05-15,5969682.353,6728502.000,2026-05-13,758819.000,2026-05-15,0.647,2026-05-15
2026-05-18,5942569.807,6728502.000,2026-05-13,785925.000,2026-05-18,7.193,2026-05-18
2026-05-19,5906214.089,6728502.000,2026-05-13,822275.000,2026-05-19,12.911,2026-05-19
2026-05-20,5931639.133,6713643.000,2026-05-20,781979.000,2026-05-20,24.867,2026-05-20
2026-05-21,5927757.719,6713643.000,2026-05-20,785882.000,2026-05-21,3.281,2026-05-21
2026-05-22,5888092.035,6713643.000,2026-05-20,825550.000,2026-05-22,0.965,2026-05-22
2026-05-26,5832312.213,6713643.000,2026-05-20,881329.000,2026-05-26,1.787,2026-05-26
2026-05-27,5861721.147,6704383.000,2026-05-27,842660.000,2026-05-27,1.853,2026-05-27
2026-05-28,5854671.837,6704383.000,2026-05-27,849710.000,2026-05-28,1.163,2026-05-28
2026-05-29,5800490.323,6704383.000,2026-05-27,903881.000,2026-05-29,11.677,2026-05-29
2026-06-01,5847539.698,6704383.000,2026-05-27,856842.000,2026-06-01,1.302,2026-06-01
2026-06-02,5838305.498,6704383.000,2026-05-27,866075.000,2026-06-02,2.502,2026-06-02
2026-06-03,5865770.938,6711495.000,2026-06-03,845722.000,2026-06-03,2.062,2026-06-03
2026-06-04,5866972.878,6711495.000,2026-06-03,844521.000,2026-06-04,1.122,2026-06-04
2026-06-05,5885954.239,6711495.000,2026-06-03,825540.000,2026-06-05,0.761,2026-06-05
2026-06-08,5867264.168,6711495.000,2026-06-03,844229.000,2026-06-08,1.832,2026-06-08
2026-06-09,5881095.423,6711495.000,2026-06-03,830399.000,2026-06-09,0.577,2026-06-09
2026-06-10,5924312.613,6725397.000,2026-06-10,801084.000,2026-06-10,0.387,2026-06-10
2026-06-11,5925879.540,6725397.000,2026-06-10,799517.000,2026-06-11,0.460,2026-06-11
2026-06-12,5909373.546,6725397.000,2026-06-10,816023.000,2026-06-12,0.454,2026-06-12
2026-06-15,5745605.419,6725397.000,2026-06-10,979791.000,2026-06-15,0.581,2026-06-15
2026-06-16,5744273.279,6725397.000,2026-06-10,981113.000,2026-06-16,10.721,2026-06-16
2026-06-17,5779915.172,6736424.000,2026-06-17,956502.000,2026-06-17,6.828,2026-06-17
2026-06-18,5821338.749,6736424.000,2026-06-17,915085.000,2026-06-18,0.251,2026-06-18
2026-06-22,5793605.075,6736424.000,2026-06-17,942815.000,2026-06-22,3.925,2026-06-22
2026-06-23,5810541.516,6736424.000,2026-06-17,925876.000,2026-06-23,6.484,2026-06-23
2026-06-24,5833795.466,6735645.000,2026-06-24,901845.000,2026-06-24,4.534,2026-06-24
2026-06-25,5864170.282,6735645.000,2026-06-24,871469.000,2026-06-25,5.718,2026-06-25
2026-06-26,5840062.574,6735645.000,2026-06-24,895576.000,2026-06-26,6.426,2026-06-26
2026-06-29,5858680.454,6735645.000,2026-06-24,876961.000,2026-06-29,3.546,2026-06-29
2026-06-30,5816473.100,6735645.000,2026-06-24,919145.000,2026-06-30,26.900,2026-06-30
2026-07-01,5917203.999,6724564.000,2026-07-01,807359.000,2026-07-01,1.001,2026-07-01
2026-07-02,5953974.825,6724564.000,2026-07-01,770587.000,2026-07-02,2.175,2026-07-02
2026-07-03,5947718.825,6724564.000,2026-07-01,776843.000,2026-07-03,2.175,2026-07-02
2026-07-06,5941454.281,6724564.000,2026-07-01,783107.000,2026-07-06,2.719,2026-07-06
2026-07-07,5939595.516,6724564.000,2026-07-01,784964.000,2026-07-07,4.484,2026-07-07
2026-07-08,5986361.653,6735609.000,2026-07-08,749244.000,2026-07-08,3.347,2026-07-08
2026-07-09,5990966.228,6735609.000,2026-07-08,744637.000,2026-07-09,5.772,2026-07-09
2026-07-10,5997335.455,6735609.000,2026-07-08,738273.000,2026-07-10,0.545,2026-07-10
2026-07-13,5985326.205,6735609.000,2026-07-08,750282.000,2026-07-13,0.795,2026-07-13
2026-07-14,5947794.722,6735609.000,2026-07-08,787814.000,2026-07-14,0.278,2026-07-14
2026-07-15,5947051.849,6743028.000,2026-07-15,795976.000,2026-07-15,0.151,2026-07-15
2026-07-16,5920517.875,6743028.000,2026-07-15,822510.000,2026-07-16,0.125,2026-07-16
2026-07-17,5927609.900,6743028.000,2026-07-15,815418.000,2026-07-17,0.100,2026-07-17
2026-07-20,5914830.970,6743028.000,2026-07-15,828197.000,2026-07-20,0.030,2026-07-20
2026-07-21,5868047.725,6743028.000,2026-07-15,874980.000,2026-07-21,0.275,2026-07-21
2026-07-22,5911960.624,6747378.000,2026-07-22,835417.000,2026-07-22,0.376,2026-07-22
2026-07-23,5870176.096,6747378.000,2026-07-22,877201.000,2026-07-23,0.904,2026-07-23
2026-07-24,5861077.325,6747378.000,2026-07-22,886300.000,2026-07-24,0.675,2026-07-24
2026-07-27,5844625.620,6747378.000,2026-07-22,902751.000,2026-07-27,1.380,2026-07-27
2026-07-28,5781240.874,6747378.000,2026-07-22,966136.000,2026-07-28,1.126,2026-07-28
2026-07-29,5767745.424,6738190.000,2026-07-29,970442.000,2026-07-29,2.576,2026-07-29
2026-07-30,5740242.924,6738190.000,2026-07-29,997946.000,2026-07-30,1.076,2026-07-30
2026-07-31,5861621.849,6738190.000,2026-07-29,876566.000,2026-07-31,2.151,2026-07-31
2026-08-03,5868104.873,6738190.000,2026-07-29,870083.000,2026-08-03,2.127,2026-08-03
2026-08-04,5813968.749,6738190.000,2026-07-29,924219.000,2026-08-04,2.251,2026-08-04
2026-08-05,5819240.350,6748567.000,2026-08-05,929325.000,2026-08-05,1.650,2026-08-05
2026-08-06,5786839.571,6748567.000,2026-08-05,961726.000,2026-08-06,1.429,2026-08-06
2026-08-07,5786839.550,6748567.000,2026-08-05,961726.000,2026-08-06,1.450,2026-08-07
