date,tga_usd_mn
2022-04-18,841253.000
2022-04-19,893351.000
2022-04-20,907526.000
2022-04-21,918877.000
2022-04-22,934238.000
2022-04-25,958291.000
2022-04-26,972993.000
2022-04-27,957419.000
2022-04-28,953933.000
2022-04-29,923240.000
2022-05-02,975018.000
2022-05-03,955262.000
2022-05-04,964412.000
2022-05-05,943481.000
2022-05-06,950700.000
2022-05-09,962928.000
2022-05-10,941766.000
2022-05-11,919331.000
2022-05-12,893803.000
2022-05-13,880792.000
2022-05-16,914571.000
2022-05-17,891271.000
2022-05-18,866726.000
2022-05-19,825182.000
2022-05-20,822339.000
2022-05-23,838141.000
2022-05-24,818688.000
2022-05-25,801714.000
2022-05-26,762674.000
2022-05-27,782309.000
2022-05-31,854240.000
2022-06-01,780575.000
2022-06-02,757559.000
2022-06-03,731781.000
2022-06-06,724554.000
2022-06-07,702336.000
2022-06-08,683892.000
2022-06-09,631026.000
2022-06-10,627393.000
2022-06-13,653718.000
2022-06-14,661227.000
2022-06-15,769937.000
2022-06-16,755888.000
2022-06-17,762327.000
2022-06-21,757733.000
2022-06-22,745052.000
2022-06-23,735139.000
2022-06-24,758505.000
2022-06-27,768652.000
2022-06-28,757242.000
2022-06-29,759845.000
2022-06-30,782406.000
2022-07-01,685842.000
2022-07-05,689482.000
2022-07-06,687943.000
2022-07-07,666044.000
2022-07-08,658096.000
2022-07-11,665792.000
2022-07-12,643141.000
2022-07-13,618740.000
2022-07-14,595272.000
2022-07-15,606834.000
2022-07-18,628659.000
2022-07-19,636362.000
2022-07-20,616348.000
2022-07-21,594035.000
2022-07-22,589322.000
2022-07-25,605872.000
2022-07-26,637228.000
2022-07-27,615515.000
2022-07-28,597017.000
2022-07-29,619273.000
2022-08-01,551023.000
2022-08-02,586370.000
2022-08-03,566577.000
2022-08-04,554402.000
2022-08-05,548849.000
2022-08-08,555513.000
2022-08-09,583255.000
2022-08-10,561140.000
2022-08-11,546978.000
2022-08-12,548414.000
2022-08-15,525921.000
2022-08-16,559827.000
2022-08-17,539278.000
2022-08-18,530499.000
2022-08-19,529281.000
2022-08-22,543194.000
2022-08-23,555139.000
2022-08-24,530196.000
2022-08-25,580033.000
2022-08-26,600109.000
2022-08-29,610399.000
2022-08-30,627082.000
2022-08-31,669911.000
2022-09-01,598859.000
2022-09-02,574423.000
2022-09-06,589596.000
2022-09-07,582921.000
2022-09-08,581785.000
2022-09-09,585000.000
2022-09-12,601944.000
2022-09-13,599932.000
2022-09-14,617997.000
2022-09-15,677452.000
2022-09-16,692971.000
2022-09-19,704998.000
2022-09-20,695823.000
2022-09-21,690286.000
2022-09-22,682027.000
2022-09-23,697726.000
2022-09-26,705918.000
2022-09-27,683943.000
2022-09-28,661920.000
2022-09-29,658634.000
2022-09-30,635994.000
2022-10-03,630975.000
2022-10-04,617850.000
2022-10-05,622131.000
2022-10-06,612400.000
2022-10-07,611855.000
2022-10-11,614781.000
2022-10-12,583513.000
2022-10-13,578283.000
2022-10-14,574982.000
2022-10-17,651318.000
2022-10-18,655230.000
2022-10-19,640613.000
2022-10-20,635492.000
2022-10-21,624584.000
2022-10-24,636785.000
2022-10-25,659483.000
2022-10-26,636327.000
2022-10-27,625362.000
2022-10-28,621627.000
2022-10-31,596470.000
2022-11-01,551009.000
2022-11-02,552089.000
2022-11-03,524883.000
2022-11-04,524694.000
2022-11-07,530764.000
2022-11-08,545285.000
2022-11-09,517340.000
2022-11-10,510550.000
2022-11-14,524136.000
2022-11-15,482354.000
2022-11-16,472185.000
2022-11-17,465368.000
2022-11-18,469610.000
2022-11-21,476764.000
2022-11-22,512602.000
2022-11-23,492754.000
2022-11-25,510532.000
2022-11-28,517125.000
2022-11-29,506052.000
2022-11-30,532791.000
2022-12-01,458408.000
2022-12-02,434939.000
2022-12-05,440836.000
2022-12-06,411431.000
2022-12-07,410853.000
2022-12-08,358794.000
2022-12-09,357709.000
2022-12-12,370897.000
2022-12-13,343699.000
2022-12-14,342104.000
2022-12-15,448106.000
2022-12-16,467544.000
2022-12-19,482388.000
2022-12-20,450413.000
2022-12-21,434922.000
2022-12-22,429684.000
2022-12-23,431253.000
2022-12-27,430977.000
2022-12-28,409809.000
2022-12-29,412900.000
2022-12-30,446685.000
2023-01-03,386114.000
2023-01-04,379620.000
2023-01-05,379653.000
2023-01-06,375694.000
2023-01-09,385220.000
2023-01-10,368000.000
2023-01-11,346426.000
2023-01-12,310363.000
2023-01-13,321572.000
2023-01-17,398974.000
2023-01-18,377500.000
2023-01-19,455623.000
2023-01-20,454615.000
2023-01-23,471005.000
2023-01-24,579841.000
2023-01-25,572622.000
2023-01-26,568553.000
2023-01-27,567827.000
2023-01-30,579826.000
2023-01-31,567908.000
2023-02-01,500852.000
2023-02-02,506179.000
2023-02-03,477618.000
2023-02-06,489948.000
2023-02-07,528118.000
2023-02-08,495838.000
2023-02-09,494252.000
2023-02-10,490201.000
2023-02-13,501103.000
2023-02-14,526992.000
2023-02-15,439703.000
2023-02-16,479039.000
2023-02-17,475675.000
2023-02-21,508286.000
2023-02-22,451307.000
2023-02-23,363666.000
2023-02-24,381671.000
2023-02-27,394017.000
2023-02-28,415005.000
2023-03-01,351015.000
2023-03-02,355232.000
2023-03-03,327193.000
2023-03-06,340182.000
2023-03-07,344724.000
2023-03-08,311731.000
2023-03-09,246969.000
2023-03-10,208074.000
2023-03-13,227312.000
2023-03-14,253921.000
2023-03-15,277643.000
2023-03-16,285108.000
2023-03-17,280148.000
2023-03-20,267101.000
2023-03-21,224604.000
2023-03-22,199856.000
2023-03-23,192910.000
2023-03-24,187365.000
2023-03-27,200926.000
2023-03-28,166348.000
2023-03-29,162758.000
2023-03-30,194336.000
2023-03-31,177692.000
2023-04-03,173105.000
2023-04-04,140347.000
2023-04-05,140688.000
2023-04-06,112965.000
2023-04-07,110822.000
2023-04-10,125004.000
2023-04-11,107469.000
2023-04-12,86554.000
2023-04-13,99488.000
2023-04-14,134890.000
2023-04-17,144079.000
2023-04-18,252552.000
2023-04-19,265095.000
2023-04-20,279942.000
2023-04-21,280912.000
2023-04-24,307101.000
2023-04-25,315930.000
2023-04-26,296209.000
2023-04-27,293717.000
2023-04-28,316381.000
2023-05-01,238463.000
2023-05-02,214882.000
2023-05-03,188309.000
2023-05-04,208666.000
2023-05-05,206714.000
2023-05-08,215133.000
2023-05-09,184915.000
2023-05-10,154808.000
2023-05-11,143314.000
2023-05-12,139944.000
2023-05-15,87431.000
2023-05-16,94629.000
2023-05-17,68332.000
2023-05-18,57341.000
2023-05-19,60656.000
2023-05-22,68335.000
2023-05-23,76546.000
2023-05-24,49473.000
2023-05-25,38837.000
2023-05-26,54493.000
2023-05-30,37357.000
2023-05-31,48512.000
2023-06-01,22892.000
2023-06-02,23368.000
2023-06-05,71218.000
2023-06-06,71577.000
2023-06-07,77500.000
2023-06-08,87972.000
2023-06-09,86001.000
2023-06-12,100939.000
2023-06-13,133059.000
2023-06-14,134857.000
2023-06-15,250417.000
2023-06-16,266875.000
2023-06-20,327925.000
2023-06-21,292106.000
2023-06-22,366505.000
2023-06-23,377384.000
2023-06-26,388777.000
2023-06-27,437999.000
2023-06-28,408561.000
2023-06-29,465122.000
2023-06-30,402394.000
2023-07-03,394457.000
2023-07-05,446864.000
2023-07-06,513410.000
2023-07-07,504990.000
2023-07-10,511777.000
2023-07-11,542784.000
2023-07-12,517418.000
2023-07-13,522700.000
2023-07-14,521622.000
2023-07-17,531417.000
2023-07-18,561519.000
2023-07-19,537441.000
2023-07-20,537869.000
2023-07-21,532834.000
2023-07-24,545014.000
2023-07-25,573898.000
2023-07-26,549897.000
2023-07-27,551631.000
2023-07-28,549904.000
2023-07-31,501828.000
2023-08-01,458113.000
2023-08-02,460926.000
2023-08-03,445120.000
2023-08-04,441481.000
2023-08-07,451335.000
2023-08-08,458998.000
2023-08-09,432262.000
2023-08-10,450098.000
2023-08-11,451362.000
2023-08-14,463127.000
2023-08-15,398438.000
2023-08-16,384814.000
2023-08-17,408836.000
2023-08-18,404968.000
2023-08-21,415598.000
2023-08-22,441138.000
2023-08-23,416031.000
2023-08-24,438914.000
2023-08-25,461257.000
2023-08-28,472203.000
2023-08-29,500010.000
2023-08-30,500702.000
2023-08-31,541843.000
2023-09-01,446118.000
2023-09-05,488303.000
2023-09-06,481552.000
2023-09-07,509104.000
2023-09-08,509313.000
2023-09-11,525312.000
2023-09-12,550831.000
2023-09-13,537364.000
2023-09-14,582843.000
2023-09-15,632855.000
2023-09-18,664013.000
2023-09-19,674935.000
2023-09-20,661717.000
2023-09-21,682503.000
2023-09-22,674158.000
2023-09-25,689999.000
2023-09-26,700881.000
2023-09-27,672142.000
2023-09-28,673174.000
2023-09-29,656889.000
2023-10-02,677935.000
2023-10-03,675324.000
2023-10-04,678959.000
2023-10-05,700182.000
2023-10-06,701735.000
2023-10-10,743996.000
2023-10-11,713000.000
2023-10-12,697013.000
2023-10-13,702519.000
2023-10-16,815980.000
2023-10-17,857495.000
2023-10-18,841103.000
2023-10-19,828553.000
2023-10-20,819841.000
2023-10-23,834758.000
2023-10-24,870378.000
2023-10-25,847717.000
2023-10-26,835081.000
2023-10-27,828313.000
2023-10-30,837969.000
2023-10-31,832412.000
2023-11-01,753008.000
2023-11-02,788127.000
2023-11-03,763377.000
2023-11-06,774170.000
2023-11-07,792916.000
2023-11-08,763459.000
2023-11-09,742861.000
2023-11-10,742834.000
2023-11-13,756859.000
2023-11-14,771735.000
2023-11-15,669976.000
2023-11-16,699261.000
2023-11-17,702626.000
2023-11-20,713770.000
2023-11-21,728200.000
2023-11-22,693007.000
2023-11-24,741224.000
2023-11-27,753486.000
2023-11-28,750724.000
2023-11-29,753570.000
2023-11-30,758851.000
2023-12-01,668199.000
2023-12-04,681693.000
2023-12-05,664742.000
2023-12-06,667678.000
2023-12-07,668198.000
2023-12-08,663322.000
2023-12-11,672734.000
2023-12-12,647560.000
2023-12-13,630618.000
2023-12-14,648048.000
2023-12-15,740109.000
2023-12-18,773190.000
2023-12-19,751089.000
2023-12-20,732721.000
2023-12-21,734159.000
2023-12-22,732312.000
2023-12-26,743365.000
2023-12-27,713064.000
2023-12-28,724973.000
2023-12-29,768590.000
2024-01-02,766340.000
2024-01-03,743464.000
2024-01-04,753179.000
2024-01-05,747982.000
2024-01-08,758566.000
2024-01-09,749407.000
2024-01-10,727856.000
2024-01-11,730305.000
2024-01-12,735757.000
2024-01-16,795304.000
2024-01-17,773544.000
2024-01-18,789692.000
2024-01-19,790018.000
2024-01-22,802545.000
2024-01-23,818059.000
2024-01-24,815159.000
2024-01-25,830060.000
2024-01-26,829406.000
2024-01-29,843812.000
2024-01-30,863278.000
2024-01-31,865481.000
2024-02-01,813657.000
2024-02-02,786179.000
2024-02-05,800298.000
2024-02-06,820881.000
2024-02-07,821575.000
2024-02-08,832976.000
2024-02-09,831940.000
2024-02-12,845004.000
2024-02-13,860356.000
2024-02-14,831880.000
2024-02-15,768884.000
2024-02-16,779746.000
2024-02-20,821629.000
2024-02-21,788759.000
2024-02-22,759556.000
2024-02-23,787483.000
2024-02-26,802419.000
2024-02-27,808655.000
2024-02-28,767672.000
2024-02-29,837099.000
2024-03-01,748140.000
2024-03-04,765413.000
2024-03-05,766649.000
2024-03-06,760550.000
2024-03-07,765974.000
2024-03-08,764686.000
2024-03-11,786418.000
2024-03-12,783745.000
2024-03-13,748388.000
2024-03-14,749212.000
2024-03-15,804194.000
2024-03-18,846001.000
2024-03-19,844682.000
2024-03-20,812605.000
2024-03-21,802910.000
2024-03-22,805042.000
2024-03-25,821686.000
2024-03-26,803649.000
2024-03-27,772260.000
2024-03-28,770655.000
2024-03-29,775268.000
2024-04-01,791219.000
2024-04-02,760049.000
2024-04-03,732828.000
2024-04-04,710202.000
2024-04-05,710389.000
2024-04-08,729067.000
2024-04-09,691824.000
2024-04-10,672537.000
2024-04-11,667717.000
2024-04-12,725026.000
2024-04-15,897016.000
2024-04-16,906002.000
2024-04-17,929932.000
2024-04-18,930542.000
2024-04-19,939464.000
2024-04-22,955986.000
2024-04-23,955714.000
2024-04-24,929379.000
2024-04-25,907965.000
2024-04-26,909938.000
2024-04-29,929594.000
2024-04-30,962428.000
2024-05-01,890442.000
2024-05-02,872592.000
2024-05-03,853110.000
2024-05-06,866863.000
2024-05-07,845541.000
2024-05-08,816809.000
2024-05-09,804246.000
2024-05-10,795161.000
2024-05-13,808430.000
2024-05-14,805661.000
2024-05-15,706108.000
2024-05-16,716876.000
2024-05-17,724577.000
2024-05-20,737727.000
2024-05-21,738412.000
2024-05-22,710882.000
2024-05-23,703626.000
2024-05-24,697953.000
2024-05-28,718888.000
2024-05-29,716020.000
2024-05-30,699060.000
2024-05-31,718926.000
2024-06-03,712359.000
2024-06-04,700652.000
2024-06-05,703314.000
2024-06-06,680746.000
2024-06-07,675508.000
2024-06-10,690309.000
2024-06-11,667218.000
2024-06-12,650212.000
2024-06-13,648027.000
2024-06-14,676305.000
2024-06-17,822612.000
2024-06-18,782158.000
2024-06-20,771749.000
2024-06-21,763426.000
2024-06-24,784434.000
2024-06-25,767249.000
2024-06-26,744206.000
2024-06-27,718618.000
2024-06-28,777798.000
2024-07-01,763439.000
2024-07-02,768554.000
2024-07-03,745608.000
2024-07-05,732159.000
2024-07-08,743168.000
2024-07-09,747238.000
2024-07-10,722328.000
2024-07-11,731416.000
2024-07-12,734465.000
2024-07-15,764538.000
2024-07-16,795024.000
2024-07-17,766779.000
2024-07-18,775779.000
2024-07-19,771252.000
2024-07-22,769783.000
2024-07-23,793467.000
2024-07-24,767419.000
2024-07-25,767894.000
2024-07-26,766528.000
2024-07-29,781500.000
2024-07-30,802422.000
2024-07-31,854001.000
2024-08-01,785094.000
2024-08-02,759058.000
2024-08-05,769196.000
2024-08-06,779820.000
2024-08-07,785233.000
2024-08-08,792296.000
2024-08-09,788359.000
2024-08-12,800035.000
2024-08-13,812614.000
2024-08-14,788823.000
2024-08-15,725909.000
2024-08-16,730937.000
2024-08-19,743033.000
2024-08-20,758980.000
2024-08-21,734727.000
2024-08-22,734733.000
2024-08-23,734234.000
2024-08-26,740219.000
2024-08-27,786228.000
2024-08-28,757077.000
2024-08-29,754480.000
2024-08-30,709513.000
2024-09-03,774135.000
2024-09-04,771047.000
2024-09-05,769122.000
2024-09-06,759836.000
2024-09-09,771405.000
2024-09-10,746095.000
2024-09-11,725577.000
2024-09-12,688354.000
2024-09-13,713930.000
2024-09-16,875103.000
2024-09-17,853715.000
2024-09-18,839398.000
2024-09-19,825250.000
2024-09-20,804739.000
2024-09-23,824326.000
2024-09-24,804696.000
2024-09-25,778910.000
2024-09-26,746699.000
2024-09-27,772704.000
2024-09-30,885725.000
2024-10-01,813994.000
2024-10-02,823412.000
2024-10-03,795948.000
2024-10-04,800250.000
2024-10-07,810517.000
2024-10-08,820191.000
2024-10-09,787395.000
2024-10-10,783345.000
2024-10-11,779699.000
2024-10-15,825653.000
2024-10-16,814751.000
2024-10-17,828847.000
2024-10-18,827798.000
2024-10-21,841596.000
2024-10-22,838690.000
2024-10-23,817410.000
2024-10-24,834134.000
2024-10-25,827478.000
2024-10-28,835894.000
2024-10-29,847063.000
2024-10-30,847137.000
2024-10-31,921042.000
2024-11-01,819229.000
2024-11-04,836603.000
2024-11-05,838800.000
2024-11-06,840227.000
2024-11-07,839963.000
2024-11-08,831278.000
2024-11-12,851371.000
2024-11-13,808857.000
2024-11-14,815693.000
2024-11-15,730911.000
2024-11-18,754133.000
2024-11-19,762717.000
2024-11-20,737834.000
2024-11-21,779696.000
2024-11-22,758663.000
2024-11-25,777116.000
2024-11-26,811242.000
2024-11-27,782704.000
2024-11-29,756878.000
2024-12-02,842781.000
2024-12-03,815482.000
2024-12-04,815011.000
2024-12-05,798654.000
2024-12-06,788754.000
2024-12-09,800890.000
2024-12-10,748309.000
2024-12-11,711354.000
2024-12-12,703676.000
2024-12-13,725325.000
2024-12-16,861216.000
2024-12-17,830681.000
2024-12-18,803975.000
2024-12-19,787982.000
2024-12-20,767489.000
2024-12-23,792864.000
2024-12-24,735039.000
2024-12-26,688699.000
2024-12-27,720401.000
2024-12-30,745427.000
2024-12-31,721892.000
2025-01-02,677045.000
2025-01-03,650277.000
2025-01-06,668557.000
2025-01-07,651488.000
2025-01-08,620531.000
2025-01-09,623729.000
2025-01-10,631584.000
2025-01-13,647354.000
2025-01-14,671551.000
2025-01-15,651187.000
2025-01-16,677188.000
2025-01-17,673357.000
2025-01-21,704874.000
2025-01-22,665485.000
2025-01-23,760043.000
2025-01-24,768984.000
2025-01-27,797458.000
2025-01-28,813442.000
2025-01-29,811549.000
2025-01-30,825951.000
2025-01-31,793025.000
2025-02-03,800006.000
2025-02-04,816166.000
2025-02-05,817953.000
2025-02-06,830323.000
2025-02-07,825751.000
2025-02-10,837805.000
2025-02-11,842182.000
2025-02-12,809154.000
2025-02-13,809338.000
2025-02-14,802084.000
2025-02-18,773826.000
2025-02-19,738938.000
2025-02-20,727881.000
2025-02-21,713642.000
2025-02-24,707057.000
2025-02-25,623711.000
2025-02-26,568550.000
2025-02-27,537294.000
2025-02-28,559582.000
2025-03-03,566710.000
2025-03-04,532751.000
2025-03-05,522818.000
2025-03-06,529488.000
2025-03-07,521461.000
2025-03-10,542588.000
2025-03-11,500897.000
2025-03-12,450713.000
2025-03-13,412423.000
2025-03-14,414141.000
2025-03-17,530752.000
2025-03-18,450153.000
2025-03-19,415799.000
2025-03-20,383246.000
2025-03-21,361945.000
2025-03-24,385686.000
2025-03-25,350498.000
2025-03-26,315970.000
2025-03-27,280650.000
2025-03-28,301789.000
2025-03-31,405786.000
2025-04-01,299858.000
2025-04-02,301624.000
2025-04-03,296360.000
2025-04-04,291391.000
2025-04-07,309989.000
2025-04-08,346635.000
2025-04-09,315189.000
2025-04-10,314467.000
2025-04-11,330503.000
2025-04-14,415670.000
2025-04-15,600455.000
2025-04-16,638783.000
2025-04-17,599993.000
2025-04-18,612381.000
2025-04-21,626444.000
2025-04-22,606684.000
2025-04-23,576159.000
2025-04-24,562759.000
2025-04-25,571691.000
2025-04-28,597998.000
2025-04-29,616705.000
2025-04-30,677657.000
2025-05-01,593088.000
2025-05-02,574345.000
2025-05-05,590351.000
2025-05-06,583753.000
2025-05-07,595860.000
2025-05-08,576228.000
2025-05-09,572746.000
2025-05-12,583369.000
2025-05-13,590652.000
2025-05-14,562433.000
2025-05-15,496649.000
2025-05-16,504706.000
2025-05-19,523207.000
2025-05-20,511526.000
2025-05-21,475886.000
2025-05-22,473748.000
2025-05-23,470643.000
2025-05-27,477481.000
2025-05-28,436627.000
2025-05-29,399844.000
2025-05-30,351443.000
2025-06-02,439362.000
2025-06-03,382937.000
2025-06-04,376160.000
2025-06-05,350843.000
2025-06-06,344758.000
2025-06-09,358796.000
2025-06-10,309409.000
2025-06-11,277025.000
2025-06-12,260807.000
2025-06-13,288078.000
2025-06-16,446302.000
2025-06-17,409139.000
2025-06-18,383851.000
2025-06-20,366520.000
2025-06-23,374568.000
2025-06-24,358071.000
2025-06-25,334579.000
2025-06-26,304841.000
2025-06-27,338348.000
2025-06-30,456980.000
2025-07-01,367512.000
2025-07-02,372232.000
2025-07-03,313162.000
2025-07-07,332482.000
2025-07-08,343047.000
2025-07-09,311048.000
2025-07-10,288395.000
2025-07-11,282363.000
2025-07-14,298224.000
2025-07-15,327937.000
2025-07-16,312085.000
2025-07-17,317026.000
2025-07-18,315658.000
2025-07-21,319359.000
2025-07-22,345335.000
2025-07-23,333538.000
2025-07-24,349408.000
2025-07-25,348098.000
2025-07-28,362570.000
2025-07-29,417834.000
2025-07-30,419446.000
2025-07-31,497596.000
2025-08-01,377780.000
2025-08-04,392810.000
2025-08-05,459240.000
2025-08-06,464315.000
2025-08-07,491691.000
2025-08-08,491063.000
2025-08-11,504280.000
2025-08-12,545499.000
2025-08-13,515469.000
2025-08-14,549080.000
2025-08-15,493107.000
2025-08-18,519490.000
2025-08-19,562784.000
2025-08-20,526063.000
2025-08-21,561249.000
2025-08-22,581509.000
2025-08-25,595519.000
2025-08-26,632894.000
2025-08-27,595798.000
2025-08-28,609660.000
2025-08-29,555224.000
2025-09-02,690094.000
2025-09-03,661939.000
2025-09-04,669272.000
2025-09-05,666137.000
2025-09-08,680369.000
2025-09-09,690281.000
2025-09-10,667585.000
2025-09-11,682732.000
2025-09-12,707770.000
2025-09-15,857709.000
2025-09-16,823741.000
2025-09-17,807142.000
2025-09-18,816451.000
2025-09-19,818530.000
2025-09-22,822471.000
2025-09-23,781512.000
2025-09-24,757970.000
2025-09-25,761087.000
2025-09-26,786337.000
2025-09-29,805674.000
2025-09-30,890825.000
2025-10-01,819378.000
2025-10-02,823845.000
2025-10-03,798367.000
2025-10-06,815262.000
2025-10-07,823736.000
2025-10-08,794054.000
2025-10-09,796023.000
2025-10-10,794452.000
2025-10-14,841366.000
2025-10-15,851952.000
2025-10-16,899682.000
2025-10-17,905393.000
2025-10-20,905754.000
2025-10-21,929315.000
2025-10-22,905074.000
2025-10-23,944965.000
2025-10-24,942495.000
2025-10-27,964762.000
2025-10-28,984857.000
2025-10-29,983859.000
2025-10-30,1000632.000
2025-10-31,926328.000
2025-11-03,924957.000
2025-11-04,939584.000
2025-11-05,942700.000
2025-11-06,953555.000
2025-11-07,949804.000
2025-11-10,965301.000
2025-11-12,943145.000
2025-11-13,961929.000
2025-11-14,959113.000
2025-11-17,924961.000
2025-11-18,928422.000
2025-11-19,900832.000
2025-11-20,909575.000
2025-11-21,892074.000
2025-11-24,906547.000
2025-11-25,931736.000
2025-11-26,899678.000
2025-11-28,956014.000
2025-12-01,948079.000
2025-12-02,935847.000
2025-12-03,908523.000
2025-12-04,878666.000
2025-12-05,870232.000
2025-12-08,880125.000
2025-12-09,837306.000
2025-12-10,805827.000
2025-12-11,792667.000
2025-12-12,792465.000
2025-12-15,912994.000
2025-12-16,887180.000
2025-12-17,861417.000
2025-12-18,842422.000
2025-12-19,839799.000
2025-12-22,872048.000
2025-12-23,824439.000
2025-12-24,801537.000
2025-12-26,833784.000
2025-12-29,858993.000
2025-12-30,826406.000
2025-12-31,872853.000
2026-01-02,781204.000
2026-01-05,801062.000
2026-01-06,771936.000
2026-01-07,783571.000
2026-01-08,773709.000
2026-01-09,775114.000
2026-01-12,797322.000
2026-01-13,780790.000
2026-01-14,777061.000
2026-01-15,840883.000
2026-01-16,868226.000
2026-01-20,899869.000
2026-01-21,871169.000
2026-01-22,888450.000
2026-01-23,900542.000
2026-01-26,943665.000
2026-01-27,974848.000
2026-01-28,952705.000
2026-01-29,968066.000
2026-01-30,893245.000
2026-02-02,897983.000
2026-02-03,907892.000
2026-02-04,907737.000
2026-02-05,914563.000
2026-02-06,905282.000
2026-02-09,917568.000
2026-02-10,948634.000
2026-02-11,910533.000
2026-02-12,920999.000
2026-02-13,913645.000
2026-02-17,924659.000
2026-02-18,888854.000
2026-02-19,904858.000
2026-02-20,893370.000
2026-02-23,888165.000
2026-02-24,901173.000
2026-02-25,838975.000
2026-02-26,849449.000
2026-02-27,798943.000
2026-03-02,871377.000
2026-03-03,859738.000
2026-03-04,846979.000
2026-03-05,840850.000
2026-03-06,833086.000
2026-03-09,858548.000
2026-03-10,862841.000
2026-03-11,805806.000
2026-03-12,809284.000
2026-03-13,806335.000
2026-03-16,937577.000
2026-03-17,929668.000
2026-03-18,875833.000
2026-03-19,882822.000
2026-03-20,870864.000
2026-03-23,909509.000
2026-03-24,876206.000
2026-03-25,837412.000
2026-03-26,823031.000
2026-03-27,848655.000
2026-03-30,868478.000
2026-03-31,893000.000
2026-04-01,803553.000
2026-04-02,776076.000
2026-04-03,753938.000
2026-04-06,775433.000
2026-04-07,728227.000
2026-04-08,697079.000
2026-04-09,686969.000
2026-04-10,703218.000
2026-04-13,758910.000
2026-04-14,779506.000
2026-04-15,924435.000
2026-04-16,971155.000
2026-04-17,998636.000
2026-04-20,1038035.000
2026-04-21,1029510.000
2026-04-22,1007172.000
2026-04-23,969844.000
2026-04-24,974251.000
2026-04-27,1002382.000
2026-04-28,990422.000
2026-04-29,988102.000
2026-04-30,969383.000
2026-05-01,857311.000
2026-05-04,879968.000
2026-05-05,860287.000
2026-05-06,862757.000
2026-05-07,846562.000
2026-05-08,839161.000
2026-05-11,854589.000
2026-05-12,844036.000
2026-05-13,807420.000
2026-05-14,802412.000
2026-05-15,758819.000
2026-05-18,785925.000
2026-05-19,822275.000
2026-05-20,781979.000
2026-05-21,785882.000
2026-05-22,825550.000
2026-05-26,881329.000
2026-05-27,842660.000
2026-05-28,849710.000
2026-05-29,903881.000
2026-06-01,856842.000
2026-06-02,866075.000
2026-06-03,845722.000
